File Name,Object,Object_Index,Label,Probability
./nom_ref_imgs/resize_by_larger_dim/sparrow_scaled.jpg,sparrow,80,kite,0.203478
./nom_ref_imgs/resize_by_larger_dim/sparrow_scaled.jpg,sparrow,80,"brambling, Fringilla montifringilla",0.194818
./nom_ref_imgs/resize_by_larger_dim/sparrow_scaled.jpg,sparrow,80,"house finch, linnet, Carpodacus mexicanus",0.154561
./nom_ref_imgs/resize_by_larger_dim/sparrow_scaled.jpg,sparrow,80,"junco, snowbird",0.0740944
./nom_ref_imgs/resize_by_larger_dim/sparrow_scaled.jpg,sparrow,80,"robin, American robin, Turdus migratorius",0.0672867
./nom_ref_imgs/resize_by_larger_dim/sparrow_scaled.jpg,sparrow,80,"indigo bunting, indigo finch, indigo bird, Passerina cyanea",0.0508258
./nom_ref_imgs/resize_by_larger_dim/sparrow_scaled.jpg,sparrow,80,ptarmigan,0.0368301
./nom_ref_imgs/resize_by_larger_dim/sparrow_scaled.jpg,sparrow,80,chickadee,0.0360288
./nom_ref_imgs/resize_by_larger_dim/sparrow_scaled.jpg,sparrow,80,jay,0.0356596
./nom_ref_imgs/resize_by_larger_dim/sparrow_scaled.jpg,sparrow,80,"quill, quill pen",0.0300621
./nom_ref_imgs/resize_by_larger_dim/sheep_scaled.jpg,sheep,79,"piggy bank, penny bank",0.125831
./nom_ref_imgs/resize_by_larger_dim/sheep_scaled.jpg,sheep,79,"bonnet, poke bonnet",0.0951235
./nom_ref_imgs/resize_by_larger_dim/sheep_scaled.jpg,sheep,79,Mexican hairless,0.0623102
./nom_ref_imgs/resize_by_larger_dim/sheep_scaled.jpg,sheep,79,"white wolf, Arctic wolf, Canis lupus tundrarum",0.0449927
./nom_ref_imgs/resize_by_larger_dim/sheep_scaled.jpg,sheep,79,muzzle,0.034229
./nom_ref_imgs/resize_by_larger_dim/sheep_scaled.jpg,sheep,79,"can opener, tin opener",0.0277801
./nom_ref_imgs/resize_by_larger_dim/sheep_scaled.jpg,sheep,79,oxygen mask,0.0260016
./nom_ref_imgs/resize_by_larger_dim/sheep_scaled.jpg,sheep,79,kuvasz,0.0221135
./nom_ref_imgs/resize_by_larger_dim/sheep_scaled.jpg,sheep,79,triceratops,0.0220494
./nom_ref_imgs/resize_by_larger_dim/sheep_scaled.jpg,sheep,79,Bedlington terrier,0.0207575
./nom_ref_imgs/resize_by_larger_dim/greyhound_scaled.jpg,greyhound,40,"Scottish deerhound, deerhound",0.461651
./nom_ref_imgs/resize_by_larger_dim/greyhound_scaled.jpg,greyhound,40,Irish wolfhound,0.176338
./nom_ref_imgs/resize_by_larger_dim/greyhound_scaled.jpg,greyhound,40,"Saluki, gazelle hound",0.157843
./nom_ref_imgs/resize_by_larger_dim/greyhound_scaled.jpg,greyhound,40,whippet,0.0993961
./nom_ref_imgs/resize_by_larger_dim/greyhound_scaled.jpg,greyhound,40,Weimaraner,0.0264809
./nom_ref_imgs/resize_by_larger_dim/greyhound_scaled.jpg,greyhound,40,Great Dane,0.0236549
./nom_ref_imgs/resize_by_larger_dim/greyhound_scaled.jpg,greyhound,40,Italian greyhound,0.0108831
./nom_ref_imgs/resize_by_larger_dim/greyhound_scaled.jpg,greyhound,40,"Ibizan hound, Ibizan Podenco",0.00936069
./nom_ref_imgs/resize_by_larger_dim/greyhound_scaled.jpg,greyhound,40,Mexican hairless,0.008289
./nom_ref_imgs/resize_by_larger_dim/greyhound_scaled.jpg,greyhound,40,Bedlington terrier,0.0057122
./nom_ref_imgs/resize_by_larger_dim/poloShirt_scaled.jpg,poloshirt,15,"suit, suit of clothes",0.32493
./nom_ref_imgs/resize_by_larger_dim/poloShirt_scaled.jpg,poloshirt,15,trench coat,0.226621
./nom_ref_imgs/resize_by_larger_dim/poloShirt_scaled.jpg,poloshirt,15,"jersey, T-shirt, tee shirt",0.213153
./nom_ref_imgs/resize_by_larger_dim/poloShirt_scaled.jpg,poloshirt,15,sweatshirt,0.0576129
./nom_ref_imgs/resize_by_larger_dim/poloShirt_scaled.jpg,poloshirt,15,fur coat,0.0413885
./nom_ref_imgs/resize_by_larger_dim/poloShirt_scaled.jpg,poloshirt,15,"wool, woolen, woollen",0.0242385
./nom_ref_imgs/resize_by_larger_dim/poloShirt_scaled.jpg,poloshirt,15,velvet,0.0194185
./nom_ref_imgs/resize_by_larger_dim/poloShirt_scaled.jpg,poloshirt,15,"lab coat, laboratory coat",0.0165169
./nom_ref_imgs/resize_by_larger_dim/poloShirt_scaled.jpg,poloshirt,15,military uniform,0.0110537
./nom_ref_imgs/resize_by_larger_dim/poloShirt_scaled.jpg,poloshirt,15,"academic gown, academic robe, judge's robe",0.00829172
./nom_ref_imgs/resize_by_larger_dim/bison_scaled.jpg,bison,56,bison,0.601712
./nom_ref_imgs/resize_by_larger_dim/bison_scaled.jpg,bison,56,ox,0.161465
./nom_ref_imgs/resize_by_larger_dim/bison_scaled.jpg,bison,56,warthog,0.049875
./nom_ref_imgs/resize_by_larger_dim/bison_scaled.jpg,bison,56,"wild boar, boar, Sus scrofa",0.0494833
./nom_ref_imgs/resize_by_larger_dim/bison_scaled.jpg,bison,56,"hog, pig, grunter, squealer, Sus scrofa",0.0376097
./nom_ref_imgs/resize_by_larger_dim/bison_scaled.jpg,bison,56,"water buffalo, water ox, Asiatic buffalo, Bubalus bubalis",0.0273136
./nom_ref_imgs/resize_by_larger_dim/bison_scaled.jpg,bison,56,"ibex, Capra ibex",0.0125537
./nom_ref_imgs/resize_by_larger_dim/bison_scaled.jpg,bison,56,"ram, tup",0.00649827
./nom_ref_imgs/resize_by_larger_dim/bison_scaled.jpg,bison,56,"clumber, clumber spaniel",0.00383823
./nom_ref_imgs/resize_by_larger_dim/bison_scaled.jpg,bison,56,"Newfoundland, Newfoundland dog",0.00374497
./nom_ref_imgs/resize_by_larger_dim/diningTable_scaled.jpg,diningtable,13,desk,0.298013
./nom_ref_imgs/resize_by_larger_dim/diningTable_scaled.jpg,diningtable,13,"dining table, board",0.171211
./nom_ref_imgs/resize_by_larger_dim/diningTable_scaled.jpg,diningtable,13,park bench,0.160718
./nom_ref_imgs/resize_by_larger_dim/diningTable_scaled.jpg,diningtable,13,paper towel,0.0354642
./nom_ref_imgs/resize_by_larger_dim/diningTable_scaled.jpg,diningtable,13,"studio couch, day bed",0.0318933
./nom_ref_imgs/resize_by_larger_dim/diningTable_scaled.jpg,diningtable,13,"hook, claw",0.0270605
./nom_ref_imgs/resize_by_larger_dim/diningTable_scaled.jpg,diningtable,13,"parallel bars, bars",0.0232993
./nom_ref_imgs/resize_by_larger_dim/diningTable_scaled.jpg,diningtable,13,"bathtub, bathing tub, bath, tub",0.0203443
./nom_ref_imgs/resize_by_larger_dim/diningTable_scaled.jpg,diningtable,13,stretcher,0.0190068
./nom_ref_imgs/resize_by_larger_dim/diningTable_scaled.jpg,diningtable,13,folding chair,0.0126817
./nom_ref_imgs/resize_by_larger_dim/firetruck_scaled.jpg,firetruck,64,"garbage truck, dustcart",0.166511
./nom_ref_imgs/resize_by_larger_dim/firetruck_scaled.jpg,firetruck,64,"plow, plough",0.1136
./nom_ref_imgs/resize_by_larger_dim/firetruck_scaled.jpg,firetruck,64,tractor,0.0646942
./nom_ref_imgs/resize_by_larger_dim/firetruck_scaled.jpg,firetruck,64,"snowplow, snowplough",0.059449
./nom_ref_imgs/resize_by_larger_dim/firetruck_scaled.jpg,firetruck,64,"tow truck, tow car, wrecker",0.0535111
./nom_ref_imgs/resize_by_larger_dim/firetruck_scaled.jpg,firetruck,64,forklift,0.0494671
./nom_ref_imgs/resize_by_larger_dim/firetruck_scaled.jpg,firetruck,64,"trailer truck, tractor trailer, trucking rig, rig, articulated lorry, semi",0.0360492
./nom_ref_imgs/resize_by_larger_dim/firetruck_scaled.jpg,firetruck,64,crane,0.0355435
./nom_ref_imgs/resize_by_larger_dim/firetruck_scaled.jpg,firetruck,64,"thresher, thrasher, threshing machine",0.0287811
./nom_ref_imgs/resize_by_larger_dim/firetruck_scaled.jpg,firetruck,64,"fire engine, fire truck",0.0225485
./nom_ref_imgs/resize_by_larger_dim/goldFish_scaled.jpg,goldfish,6,hair slide,0.102705
./nom_ref_imgs/resize_by_larger_dim/goldFish_scaled.jpg,goldfish,6,pinwheel,0.0741991
./nom_ref_imgs/resize_by_larger_dim/goldFish_scaled.jpg,goldfish,6,"quill, quill pen",0.0724977
./nom_ref_imgs/resize_by_larger_dim/goldFish_scaled.jpg,goldfish,6,"starfish, sea star",0.0697723
./nom_ref_imgs/resize_by_larger_dim/goldFish_scaled.jpg,goldfish,6,knot,0.0694294
./nom_ref_imgs/resize_by_larger_dim/goldFish_scaled.jpg,goldfish,6,triceratops,0.0557584
./nom_ref_imgs/resize_by_larger_dim/goldFish_scaled.jpg,goldfish,6,screw,0.0467004
./nom_ref_imgs/resize_by_larger_dim/goldFish_scaled.jpg,goldfish,6,snail,0.0235217
./nom_ref_imgs/resize_by_larger_dim/goldFish_scaled.jpg,goldfish,6,"swab, swob, mop",0.0198323
./nom_ref_imgs/resize_by_larger_dim/goldFish_scaled.jpg,goldfish,6,conch,0.0197216
./nom_ref_imgs/resize_by_larger_dim/hummingBird_scaled.jpg,hummingbird,31,hummingbird,0.58434
./nom_ref_imgs/resize_by_larger_dim/hummingBird_scaled.jpg,hummingbird,31,jay,0.293775
./nom_ref_imgs/resize_by_larger_dim/hummingBird_scaled.jpg,hummingbird,31,"indigo bunting, indigo finch, indigo bird, Passerina cyanea",0.0502322
./nom_ref_imgs/resize_by_larger_dim/hummingBird_scaled.jpg,hummingbird,31,bee eater,0.0226167
./nom_ref_imgs/resize_by_larger_dim/hummingBird_scaled.jpg,hummingbird,31,kite,0.0109775
./nom_ref_imgs/resize_by_larger_dim/hummingBird_scaled.jpg,hummingbird,31,"house finch, linnet, Carpodacus mexicanus",0.00561564
./nom_ref_imgs/resize_by_larger_dim/hummingBird_scaled.jpg,hummingbird,31,"European gallinule, Porphyrio porphyrio",0.00530331
./nom_ref_imgs/resize_by_larger_dim/hummingBird_scaled.jpg,hummingbird,31,spoonbill,0.00320544
./nom_ref_imgs/resize_by_larger_dim/hummingBird_scaled.jpg,hummingbird,31,"little blue heron, Egretta caerulea",0.00317593
./nom_ref_imgs/resize_by_larger_dim/hummingBird_scaled.jpg,hummingbird,31,bulbul,0.0027833
./nom_ref_imgs/resize_by_larger_dim/dress_scaled.jpg,dress,37,gown,0.55807
./nom_ref_imgs/resize_by_larger_dim/dress_scaled.jpg,dress,37,overskirt,0.134659
./nom_ref_imgs/resize_by_larger_dim/dress_scaled.jpg,dress,37,"hoopskirt, crinoline",0.10429
./nom_ref_imgs/resize_by_larger_dim/dress_scaled.jpg,dress,37,velvet,0.0644015
./nom_ref_imgs/resize_by_larger_dim/dress_scaled.jpg,dress,37,sarong,0.0553954
./nom_ref_imgs/resize_by_larger_dim/dress_scaled.jpg,dress,37,apron,0.0462407
./nom_ref_imgs/resize_by_larger_dim/dress_scaled.jpg,dress,37,abaya,0.0124695
./nom_ref_imgs/resize_by_larger_dim/dress_scaled.jpg,dress,37,bulletproof vest,0.00837019
./nom_ref_imgs/resize_by_larger_dim/dress_scaled.jpg,dress,37,stole,0.00326066
./nom_ref_imgs/resize_by_larger_dim/dress_scaled.jpg,dress,37,Windsor tie,0.00171806
./nom_ref_imgs/resize_by_larger_dim/rose_scaled.jpg,rose,17,"hook, claw",0.159294
./nom_ref_imgs/resize_by_larger_dim/rose_scaled.jpg,rose,17,"bonnet, poke bonnet",0.0722132
./nom_ref_imgs/resize_by_larger_dim/rose_scaled.jpg,rose,17,pinwheel,0.0480671
./nom_ref_imgs/resize_by_larger_dim/rose_scaled.jpg,rose,17,hourglass,0.0443564
./nom_ref_imgs/resize_by_larger_dim/rose_scaled.jpg,rose,17,"quill, quill pen",0.0405419
./nom_ref_imgs/resize_by_larger_dim/rose_scaled.jpg,rose,17,wig,0.0240233
./nom_ref_imgs/resize_by_larger_dim/rose_scaled.jpg,rose,17,velvet,0.0210936
./nom_ref_imgs/resize_by_larger_dim/rose_scaled.jpg,rose,17,whistle,0.018583
./nom_ref_imgs/resize_by_larger_dim/rose_scaled.jpg,rose,17,mask,0.0175674
./nom_ref_imgs/resize_by_larger_dim/rose_scaled.jpg,rose,17,"gasmask, respirator, gas helmet",0.0173701
./nom_ref_imgs/resize_by_larger_dim/picnicTable_scaled.jpg,picnictable,2,stretcher,0.46188
./nom_ref_imgs/resize_by_larger_dim/picnicTable_scaled.jpg,picnictable,2,"plow, plough",0.248007
./nom_ref_imgs/resize_by_larger_dim/picnicTable_scaled.jpg,picnictable,2,"corkscrew, bottle screw",0.0302174
./nom_ref_imgs/resize_by_larger_dim/picnicTable_scaled.jpg,picnictable,2,park bench,0.0292816
./nom_ref_imgs/resize_by_larger_dim/picnicTable_scaled.jpg,picnictable,2,folding chair,0.0170496
./nom_ref_imgs/resize_by_larger_dim/picnicTable_scaled.jpg,picnictable,2,"assault rifle, assault gun",0.0131981
./nom_ref_imgs/resize_by_larger_dim/picnicTable_scaled.jpg,picnictable,2,"hook, claw",0.0129962
./nom_ref_imgs/resize_by_larger_dim/picnicTable_scaled.jpg,picnictable,2,"can opener, tin opener",0.0127306
./nom_ref_imgs/resize_by_larger_dim/picnicTable_scaled.jpg,picnictable,2,hair slide,0.0101556
./nom_ref_imgs/resize_by_larger_dim/picnicTable_scaled.jpg,picnictable,2,guillotine,0.00881144
./nom_ref_imgs/resize_by_larger_dim/tulip_scaled.jpg,tulip,11,maraca,0.441565
./nom_ref_imgs/resize_by_larger_dim/tulip_scaled.jpg,tulip,11,"pick, plectrum, plectron",0.0761
./nom_ref_imgs/resize_by_larger_dim/tulip_scaled.jpg,tulip,11,nail,0.0295221
./nom_ref_imgs/resize_by_larger_dim/tulip_scaled.jpg,tulip,11,shovel,0.0283113
./nom_ref_imgs/resize_by_larger_dim/tulip_scaled.jpg,tulip,11,"hook, claw",0.0201336
./nom_ref_imgs/resize_by_larger_dim/tulip_scaled.jpg,tulip,11,spatula,0.0182039
./nom_ref_imgs/resize_by_larger_dim/tulip_scaled.jpg,tulip,11,hair slide,0.0145339
./nom_ref_imgs/resize_by_larger_dim/tulip_scaled.jpg,tulip,11,"mouse, computer mouse",0.0139759
./nom_ref_imgs/resize_by_larger_dim/tulip_scaled.jpg,tulip,11,"hand blower, blow dryer, blow drier, hair dryer, hair drier",0.0134142
./nom_ref_imgs/resize_by_larger_dim/tulip_scaled.jpg,tulip,11,paintbrush,0.0132691
./nom_ref_imgs/resize_by_larger_dim/eagle_scaled.jpg,eagle,9,"bald eagle, American eagle, Haliaeetus leucocephalus",0.875936
./nom_ref_imgs/resize_by_larger_dim/eagle_scaled.jpg,eagle,9,kite,0.115545
./nom_ref_imgs/resize_by_larger_dim/eagle_scaled.jpg,eagle,9,vulture,0.00511709
./nom_ref_imgs/resize_by_larger_dim/eagle_scaled.jpg,eagle,9,"African grey, African gray, Psittacus erithacus",0.00131726
./nom_ref_imgs/resize_by_larger_dim/eagle_scaled.jpg,eagle,9,black grouse,0.000453898
./nom_ref_imgs/resize_by_larger_dim/eagle_scaled.jpg,eagle,9,"ruffed grouse, partridge, Bonasa umbellus",0.000329271
./nom_ref_imgs/resize_by_larger_dim/eagle_scaled.jpg,eagle,9,"great grey owl, great gray owl, Strix nebulosa",0.000265314
./nom_ref_imgs/resize_by_larger_dim/eagle_scaled.jpg,eagle,9,"sulphur-crested cockatoo, Kakatoe galerita, Cacatua galerita",0.000206122
./nom_ref_imgs/resize_by_larger_dim/eagle_scaled.jpg,eagle,9,partridge,0.000122534
./nom_ref_imgs/resize_by_larger_dim/eagle_scaled.jpg,eagle,9,quail,9.22396e-05
./nom_ref_imgs/resize_by_larger_dim/lobster_scaled.jpg,lobster,42,"American lobster, Northern lobster, Maine lobster, Homarus americanus",0.318836
./nom_ref_imgs/resize_by_larger_dim/lobster_scaled.jpg,lobster,42,jellyfish,0.0761541
./nom_ref_imgs/resize_by_larger_dim/lobster_scaled.jpg,lobster,42,whistle,0.069594
./nom_ref_imgs/resize_by_larger_dim/lobster_scaled.jpg,lobster,42,knot,0.0550186
./nom_ref_imgs/resize_by_larger_dim/lobster_scaled.jpg,lobster,42,scorpion,0.0531438
./nom_ref_imgs/resize_by_larger_dim/lobster_scaled.jpg,lobster,42,hair slide,0.0319608
./nom_ref_imgs/resize_by_larger_dim/lobster_scaled.jpg,lobster,42,maraca,0.0302887
./nom_ref_imgs/resize_by_larger_dim/lobster_scaled.jpg,lobster,42,"hand blower, blow dryer, blow drier, hair dryer, hair drier",0.0235675
./nom_ref_imgs/resize_by_larger_dim/lobster_scaled.jpg,lobster,42,muzzle,0.0197333
./nom_ref_imgs/resize_by_larger_dim/lobster_scaled.jpg,lobster,42,"hook, claw",0.0180936
./nom_ref_imgs/resize_by_larger_dim/tShirt_scaled.jpg,tshirt,34,"jersey, T-shirt, tee shirt",0.985678
./nom_ref_imgs/resize_by_larger_dim/tShirt_scaled.jpg,tshirt,34,sweatshirt,0.00297255
./nom_ref_imgs/resize_by_larger_dim/tShirt_scaled.jpg,tshirt,34,vestment,0.00251577
./nom_ref_imgs/resize_by_larger_dim/tShirt_scaled.jpg,tshirt,34,maillot,0.00205015
./nom_ref_imgs/resize_by_larger_dim/tShirt_scaled.jpg,tshirt,34,abaya,0.00196308
./nom_ref_imgs/resize_by_larger_dim/tShirt_scaled.jpg,tshirt,34,poncho,0.000634375
./nom_ref_imgs/resize_by_larger_dim/tShirt_scaled.jpg,tshirt,34,bulletproof vest,0.000575672
./nom_ref_imgs/resize_by_larger_dim/tShirt_scaled.jpg,tshirt,34,velvet,0.000522038
./nom_ref_imgs/resize_by_larger_dim/tShirt_scaled.jpg,tshirt,34,"academic gown, academic robe, judge's robe",0.00041314
./nom_ref_imgs/resize_by_larger_dim/tShirt_scaled.jpg,tshirt,34,"wool, woolen, woollen",0.000335478
./nom_ref_imgs/resize_by_larger_dim/grizzlyBear_scaled.jpg,grizzlybear,3,"ice bear, polar bear, Ursus Maritimus, Thalarctos maritimus",0.687412
./nom_ref_imgs/resize_by_larger_dim/grizzlyBear_scaled.jpg,grizzlybear,3,"brown bear, bruin, Ursus arctos",0.0689628
./nom_ref_imgs/resize_by_larger_dim/grizzlyBear_scaled.jpg,grizzlybear,3,"Arctic fox, white fox, Alopex lagopus",0.0493107
./nom_ref_imgs/resize_by_larger_dim/grizzlyBear_scaled.jpg,grizzlybear,3,badger,0.0404601
./nom_ref_imgs/resize_by_larger_dim/grizzlyBear_scaled.jpg,grizzlybear,3,"white wolf, Arctic wolf, Canis lupus tundrarum",0.0285854
./nom_ref_imgs/resize_by_larger_dim/grizzlyBear_scaled.jpg,grizzlybear,3,otter,0.0174051
./nom_ref_imgs/resize_by_larger_dim/grizzlyBear_scaled.jpg,grizzlybear,3,mink,0.0116299
./nom_ref_imgs/resize_by_larger_dim/grizzlyBear_scaled.jpg,grizzlybear,3,beaver,0.00831426
./nom_ref_imgs/resize_by_larger_dim/grizzlyBear_scaled.jpg,grizzlybear,3,weasel,0.00823327
./nom_ref_imgs/resize_by_larger_dim/grizzlyBear_scaled.jpg,grizzlybear,3,"dugong, Dugong dugon",0.00617438
./nom_ref_imgs/resize_by_larger_dim/jellyBeans_scaled.jpg,jellybeans,10,hair slide,0.836062
./nom_ref_imgs/resize_by_larger_dim/jellyBeans_scaled.jpg,jellybeans,10,"rubber eraser, rubber, pencil eraser",0.0968759
./nom_ref_imgs/resize_by_larger_dim/jellyBeans_scaled.jpg,jellybeans,10,whistle,0.017436
./nom_ref_imgs/resize_by_larger_dim/jellyBeans_scaled.jpg,jellybeans,10,"pick, plectrum, plectron",0.00769478
./nom_ref_imgs/resize_by_larger_dim/jellyBeans_scaled.jpg,jellybeans,10,maraca,0.00565255
./nom_ref_imgs/resize_by_larger_dim/jellyBeans_scaled.jpg,jellybeans,10,jigsaw puzzle,0.00550695
./nom_ref_imgs/resize_by_larger_dim/jellyBeans_scaled.jpg,jellybeans,10,safety pin,0.00539
./nom_ref_imgs/resize_by_larger_dim/jellyBeans_scaled.jpg,jellybeans,10,"wool, woolen, woollen",0.0038933
./nom_ref_imgs/resize_by_larger_dim/jellyBeans_scaled.jpg,jellybeans,10,matchstick,0.00361465
./nom_ref_imgs/resize_by_larger_dim/jellyBeans_scaled.jpg,jellybeans,10,necklace,0.00143321
./nom_ref_imgs/resize_by_larger_dim/skittles_scaled.jpg,skittles,32,hair slide,0.366891
./nom_ref_imgs/resize_by_larger_dim/skittles_scaled.jpg,skittles,32,"rubber eraser, rubber, pencil eraser",0.186585
./nom_ref_imgs/resize_by_larger_dim/skittles_scaled.jpg,skittles,32,"pick, plectrum, plectron",0.0791128
./nom_ref_imgs/resize_by_larger_dim/skittles_scaled.jpg,skittles,32,pill bottle,0.0498546
./nom_ref_imgs/resize_by_larger_dim/skittles_scaled.jpg,skittles,32,necklace,0.0487368
./nom_ref_imgs/resize_by_larger_dim/skittles_scaled.jpg,skittles,32,hourglass,0.0297134
./nom_ref_imgs/resize_by_larger_dim/skittles_scaled.jpg,skittles,32,thimble,0.0294722
./nom_ref_imgs/resize_by_larger_dim/skittles_scaled.jpg,skittles,32,whistle,0.0285422
./nom_ref_imgs/resize_by_larger_dim/skittles_scaled.jpg,skittles,32,joystick,0.0209733
./nom_ref_imgs/resize_by_larger_dim/skittles_scaled.jpg,skittles,32,maraca,0.0152997
./nom_ref_imgs/resize_by_larger_dim/lily_scaled.jpg,lily,76,pinwheel,0.940493
./nom_ref_imgs/resize_by_larger_dim/lily_scaled.jpg,lily,76,hair slide,0.0149063
./nom_ref_imgs/resize_by_larger_dim/lily_scaled.jpg,lily,76,"corkscrew, bottle screw",0.00619485
./nom_ref_imgs/resize_by_larger_dim/lily_scaled.jpg,lily,76,"can opener, tin opener",0.00450852
./nom_ref_imgs/resize_by_larger_dim/lily_scaled.jpg,lily,76,street sign,0.00148239
./nom_ref_imgs/resize_by_larger_dim/lily_scaled.jpg,lily,76,"rocking chair, rocker",0.00132503
./nom_ref_imgs/resize_by_larger_dim/lily_scaled.jpg,lily,76,nail,0.00113685
./nom_ref_imgs/resize_by_larger_dim/lily_scaled.jpg,lily,76,"starfish, sea star",0.00113292
./nom_ref_imgs/resize_by_larger_dim/lily_scaled.jpg,lily,76,"electric fan, blower",0.00109357
./nom_ref_imgs/resize_by_larger_dim/lily_scaled.jpg,lily,76,folding chair,0.00105963
./nom_ref_imgs/resize_by_larger_dim/gummyBears_scaled.jpg,gummybears,8,nipple,0.674173
./nom_ref_imgs/resize_by_larger_dim/gummyBears_scaled.jpg,gummybears,8,whistle,0.0979601
./nom_ref_imgs/resize_by_larger_dim/gummyBears_scaled.jpg,gummybears,8,"candle, taper, wax light",0.0711342
./nom_ref_imgs/resize_by_larger_dim/gummyBears_scaled.jpg,gummybears,8,hair slide,0.0372792
./nom_ref_imgs/resize_by_larger_dim/gummyBears_scaled.jpg,gummybears,8,beaker,0.0113529
./nom_ref_imgs/resize_by_larger_dim/gummyBears_scaled.jpg,gummybears,8,pencil sharpener,0.0102363
./nom_ref_imgs/resize_by_larger_dim/gummyBears_scaled.jpg,gummybears,8,"pick, plectrum, plectron",0.00900211
./nom_ref_imgs/resize_by_larger_dim/gummyBears_scaled.jpg,gummybears,8,"rubber eraser, rubber, pencil eraser",0.00863121
./nom_ref_imgs/resize_by_larger_dim/gummyBears_scaled.jpg,gummybears,8,oxygen mask,0.00689756
./nom_ref_imgs/resize_by_larger_dim/gummyBears_scaled.jpg,gummybears,8,"perfume, essence",0.00539062
./nom_ref_imgs/resize_by_larger_dim/hawaiiShirt_scaled.jpg,hawaiishirt,18,fur coat,0.547754
./nom_ref_imgs/resize_by_larger_dim/hawaiiShirt_scaled.jpg,hawaiishirt,18,vestment,0.0955313
./nom_ref_imgs/resize_by_larger_dim/hawaiiShirt_scaled.jpg,hawaiishirt,18,kimono,0.085136
./nom_ref_imgs/resize_by_larger_dim/hawaiiShirt_scaled.jpg,hawaiishirt,18,"pajama, pyjama, pj's, jammies",0.0602267
./nom_ref_imgs/resize_by_larger_dim/hawaiiShirt_scaled.jpg,hawaiishirt,18,stole,0.0495983
./nom_ref_imgs/resize_by_larger_dim/hawaiiShirt_scaled.jpg,hawaiishirt,18,military uniform,0.0298277
./nom_ref_imgs/resize_by_larger_dim/hawaiiShirt_scaled.jpg,hawaiishirt,18,bulletproof vest,0.0258257
./nom_ref_imgs/resize_by_larger_dim/hawaiiShirt_scaled.jpg,hawaiishirt,18,velvet,0.018419
./nom_ref_imgs/resize_by_larger_dim/hawaiiShirt_scaled.jpg,hawaiishirt,18,cuirass,0.014098
./nom_ref_imgs/resize_by_larger_dim/hawaiiShirt_scaled.jpg,hawaiishirt,18,"chain mail, ring mail, mail, chain armor, chain armour, ring armor, ring armour",0.00940242
./nom_ref_imgs/resize_by_larger_dim/rabbit_scaled.jpg,rabbit,60,hare,0.985409
./nom_ref_imgs/resize_by_larger_dim/rabbit_scaled.jpg,rabbit,60,"wood rabbit, cottontail, cottontail rabbit",0.0109386
./nom_ref_imgs/resize_by_larger_dim/rabbit_scaled.jpg,rabbit,60,"Angora, Angora rabbit",0.00360758
./nom_ref_imgs/resize_by_larger_dim/rabbit_scaled.jpg,rabbit,60,"piggy bank, penny bank",1.28909e-05
./nom_ref_imgs/resize_by_larger_dim/rabbit_scaled.jpg,rabbit,60,hamster,7.3344e-06
./nom_ref_imgs/resize_by_larger_dim/rabbit_scaled.jpg,rabbit,60,"sulphur-crested cockatoo, Kakatoe galerita, Cacatua galerita",6.56283e-06
./nom_ref_imgs/resize_by_larger_dim/rabbit_scaled.jpg,rabbit,60,"fox squirrel, eastern fox squirrel, Sciurus niger",1.82391e-06
./nom_ref_imgs/resize_by_larger_dim/rabbit_scaled.jpg,rabbit,60,ptarmigan,1.8212e-06
./nom_ref_imgs/resize_by_larger_dim/rabbit_scaled.jpg,rabbit,60,"wallaby, brush kangaroo",1.45242e-06
./nom_ref_imgs/resize_by_larger_dim/rabbit_scaled.jpg,rabbit,60,plastic bag,1.30502e-06
./nom_ref_imgs/resize_by_larger_dim/motorcycle_scaled.jpg,motorcycle,47,moped,0.603961
./nom_ref_imgs/resize_by_larger_dim/motorcycle_scaled.jpg,motorcycle,47,"motor scooter, scooter",0.271495
./nom_ref_imgs/resize_by_larger_dim/motorcycle_scaled.jpg,motorcycle,47,"tricycle, trike, velocipede",0.0990709
./nom_ref_imgs/resize_by_larger_dim/motorcycle_scaled.jpg,motorcycle,47,"bicycle-built-for-two, tandem bicycle, tandem",0.00606722
./nom_ref_imgs/resize_by_larger_dim/motorcycle_scaled.jpg,motorcycle,47,"disk brake, disc brake",0.00364663
./nom_ref_imgs/resize_by_larger_dim/motorcycle_scaled.jpg,motorcycle,47,oxygen mask,0.00214603
./nom_ref_imgs/resize_by_larger_dim/motorcycle_scaled.jpg,motorcycle,47,"hook, claw",0.00208786
./nom_ref_imgs/resize_by_larger_dim/motorcycle_scaled.jpg,motorcycle,47,crash helmet,0.000847509
./nom_ref_imgs/resize_by_larger_dim/motorcycle_scaled.jpg,motorcycle,47,nipple,0.000775749
./nom_ref_imgs/resize_by_larger_dim/motorcycle_scaled.jpg,motorcycle,47,"mountain bike, all-terrain bike, off-roader",0.000750984
./nom_ref_imgs/resize_by_larger_dim/catfish_scaled.jpg,catfish,28,"quill, quill pen",0.181598
./nom_ref_imgs/resize_by_larger_dim/catfish_scaled.jpg,catfish,28,"can opener, tin opener",0.0618353
./nom_ref_imgs/resize_by_larger_dim/catfish_scaled.jpg,catfish,28,"corkscrew, bottle screw",0.0564935
./nom_ref_imgs/resize_by_larger_dim/catfish_scaled.jpg,catfish,28,oxygen mask,0.0344273
./nom_ref_imgs/resize_by_larger_dim/catfish_scaled.jpg,catfish,28,whistle,0.0249964
./nom_ref_imgs/resize_by_larger_dim/catfish_scaled.jpg,catfish,28,"hook, claw",0.021687
./nom_ref_imgs/resize_by_larger_dim/catfish_scaled.jpg,catfish,28,snorkel,0.0205476
./nom_ref_imgs/resize_by_larger_dim/catfish_scaled.jpg,catfish,28,"swab, swob, mop",0.0204774
./nom_ref_imgs/resize_by_larger_dim/catfish_scaled.jpg,catfish,28,"microphone, mike",0.0201137
./nom_ref_imgs/resize_by_larger_dim/catfish_scaled.jpg,catfish,28,"platypus, duckbill, duckbilled platypus, duck-billed platypus, Ornithorhynchus anatinus",0.0196716
./nom_ref_imgs/resize_by_larger_dim/sedan_scaled.jpg,sedan,75,"beach wagon, station wagon, wagon, estate car, beach waggon, station waggon, waggon",0.480012
./nom_ref_imgs/resize_by_larger_dim/sedan_scaled.jpg,sedan,75,minivan,0.464192
./nom_ref_imgs/resize_by_larger_dim/sedan_scaled.jpg,sedan,75,convertible,0.0119441
./nom_ref_imgs/resize_by_larger_dim/sedan_scaled.jpg,sedan,75,car wheel,0.0113415
./nom_ref_imgs/resize_by_larger_dim/sedan_scaled.jpg,sedan,75,"limousine, limo",0.00877767
./nom_ref_imgs/resize_by_larger_dim/sedan_scaled.jpg,sedan,75,"grille, radiator grille",0.00466096
./nom_ref_imgs/resize_by_larger_dim/sedan_scaled.jpg,sedan,75,"sports car, sport car",0.00443657
./nom_ref_imgs/resize_by_larger_dim/sedan_scaled.jpg,sedan,75,"pickup, pickup truck",0.00328443
./nom_ref_imgs/resize_by_larger_dim/sedan_scaled.jpg,sedan,75,minibus,0.00238598
./nom_ref_imgs/resize_by_larger_dim/sedan_scaled.jpg,sedan,75,moving van,0.00117784
./nom_ref_imgs/resize_by_larger_dim/kitten_scaled.jpg,kitten,78,"Arctic fox, white fox, Alopex lagopus",0.550199
./nom_ref_imgs/resize_by_larger_dim/kitten_scaled.jpg,kitten,78,"white wolf, Arctic wolf, Canis lupus tundrarum",0.184155
./nom_ref_imgs/resize_by_larger_dim/kitten_scaled.jpg,kitten,78,hare,0.0461812
./nom_ref_imgs/resize_by_larger_dim/kitten_scaled.jpg,kitten,78,"ice bear, polar bear, Ursus Maritimus, Thalarctos maritimus",0.0330631
./nom_ref_imgs/resize_by_larger_dim/kitten_scaled.jpg,kitten,78,"timber wolf, grey wolf, gray wolf, Canis lupus",0.0200571
./nom_ref_imgs/resize_by_larger_dim/kitten_scaled.jpg,kitten,78,"Angora, Angora rabbit",0.0185029
./nom_ref_imgs/resize_by_larger_dim/kitten_scaled.jpg,kitten,78,"red fox, Vulpes vulpes",0.0154157
./nom_ref_imgs/resize_by_larger_dim/kitten_scaled.jpg,kitten,78,"grey fox, gray fox, Urocyon cinereoargenteus",0.0100594
./nom_ref_imgs/resize_by_larger_dim/kitten_scaled.jpg,kitten,78,"fox squirrel, eastern fox squirrel, Sciurus niger",0.00972317
./nom_ref_imgs/resize_by_larger_dim/kitten_scaled.jpg,kitten,78,"piggy bank, penny bank",0.00805241
./nom_ref_imgs/resize_by_larger_dim/pig_scaled.jpg,pig,68,"Arctic fox, white fox, Alopex lagopus",0.458601
./nom_ref_imgs/resize_by_larger_dim/pig_scaled.jpg,pig,68,"piggy bank, penny bank",0.231837
./nom_ref_imgs/resize_by_larger_dim/pig_scaled.jpg,pig,68,"white wolf, Arctic wolf, Canis lupus tundrarum",0.230355
./nom_ref_imgs/resize_by_larger_dim/pig_scaled.jpg,pig,68,"hog, pig, grunter, squealer, Sus scrofa",0.0424729
./nom_ref_imgs/resize_by_larger_dim/pig_scaled.jpg,pig,68,"ice bear, polar bear, Ursus Maritimus, Thalarctos maritimus",0.0151587
./nom_ref_imgs/resize_by_larger_dim/pig_scaled.jpg,pig,68,hare,0.00589311
./nom_ref_imgs/resize_by_larger_dim/pig_scaled.jpg,pig,68,Chihuahua,0.00199605
./nom_ref_imgs/resize_by_larger_dim/pig_scaled.jpg,pig,68,"dingo, warrigal, warragal, Canis dingo",0.00179471
./nom_ref_imgs/resize_by_larger_dim/pig_scaled.jpg,pig,68,"red fox, Vulpes vulpes",0.00131038
./nom_ref_imgs/resize_by_larger_dim/pig_scaled.jpg,pig,68,"Siamese cat, Siamese",0.00111445
./nom_ref_imgs/resize_by_larger_dim/koalaBear_scaled.jpg,koalabear,39,"koala, koala bear, kangaroo bear, native bear, Phascolarctos cinereus",0.979734
./nom_ref_imgs/resize_by_larger_dim/koalaBear_scaled.jpg,koalabear,39,"timber wolf, grey wolf, gray wolf, Canis lupus",0.00973941
./nom_ref_imgs/resize_by_larger_dim/koalaBear_scaled.jpg,koalabear,39,"coyote, prairie wolf, brush wolf, Canis latrans",0.00378845
./nom_ref_imgs/resize_by_larger_dim/koalaBear_scaled.jpg,koalabear,39,"grey fox, gray fox, Urocyon cinereoargenteus",0.00169425
./nom_ref_imgs/resize_by_larger_dim/koalaBear_scaled.jpg,koalabear,39,"white wolf, Arctic wolf, Canis lupus tundrarum",0.000682071
./nom_ref_imgs/resize_by_larger_dim/koalaBear_scaled.jpg,koalabear,39,"red wolf, maned wolf, Canis rufus, Canis niger",0.000628034
./nom_ref_imgs/resize_by_larger_dim/koalaBear_scaled.jpg,koalabear,39,"fox squirrel, eastern fox squirrel, Sciurus niger",0.000533307
./nom_ref_imgs/resize_by_larger_dim/koalaBear_scaled.jpg,koalabear,39,warthog,0.000441987
./nom_ref_imgs/resize_by_larger_dim/koalaBear_scaled.jpg,koalabear,39,wombat,0.00031435
./nom_ref_imgs/resize_by_larger_dim/koalaBear_scaled.jpg,koalabear,39,"wallaby, brush kangaroo",0.000292364
./nom_ref_imgs/resize_by_larger_dim/sunflower_scaled.jpg,sunflower,33,daisy,0.542764
./nom_ref_imgs/resize_by_larger_dim/sunflower_scaled.jpg,sunflower,33,pinwheel,0.237526
./nom_ref_imgs/resize_by_larger_dim/sunflower_scaled.jpg,sunflower,33,hair slide,0.0646946
./nom_ref_imgs/resize_by_larger_dim/sunflower_scaled.jpg,sunflower,33,wall clock,0.0581009
./nom_ref_imgs/resize_by_larger_dim/sunflower_scaled.jpg,sunflower,33,sea urchin,0.0146107
./nom_ref_imgs/resize_by_larger_dim/sunflower_scaled.jpg,sunflower,33,"quill, quill pen",0.01347
./nom_ref_imgs/resize_by_larger_dim/sunflower_scaled.jpg,sunflower,33,cardoon,0.00837846
./nom_ref_imgs/resize_by_larger_dim/sunflower_scaled.jpg,sunflower,33,bee,0.0071358
./nom_ref_imgs/resize_by_larger_dim/sunflower_scaled.jpg,sunflower,33,earthstar,0.0054047
./nom_ref_imgs/resize_by_larger_dim/sunflower_scaled.jpg,sunflower,33,"swab, swob, mop",0.00458964
./nom_ref_imgs/resize_by_larger_dim/pug_scaled.jpg,pug,22,"pug, pug-dog",0.503572
./nom_ref_imgs/resize_by_larger_dim/pug_scaled.jpg,pug,22,French bulldog,0.219517
./nom_ref_imgs/resize_by_larger_dim/pug_scaled.jpg,pug,22,muzzle,0.0622375
./nom_ref_imgs/resize_by_larger_dim/pug_scaled.jpg,pug,22,"Boston bull, Boston terrier",0.0360303
./nom_ref_imgs/resize_by_larger_dim/pug_scaled.jpg,pug,22,Brabancon griffon,0.0298877
./nom_ref_imgs/resize_by_larger_dim/pug_scaled.jpg,pug,22,bull mastiff,0.0155249
./nom_ref_imgs/resize_by_larger_dim/pug_scaled.jpg,pug,22,toy terrier,0.0106775
./nom_ref_imgs/resize_by_larger_dim/pug_scaled.jpg,pug,22,"Staffordshire bullterrier, Staffordshire bull terrier",0.0103087
./nom_ref_imgs/resize_by_larger_dim/pug_scaled.jpg,pug,22,"Norwegian elkhound, elkhound",0.00881553
./nom_ref_imgs/resize_by_larger_dim/pug_scaled.jpg,pug,22,boxer,0.00863637
./nom_ref_imgs/resize_by_larger_dim/elephant_scaled.jpg,elephant,51,triceratops,0.533608
./nom_ref_imgs/resize_by_larger_dim/elephant_scaled.jpg,elephant,51,"Indian elephant, Elephas maximus",0.116134
./nom_ref_imgs/resize_by_larger_dim/elephant_scaled.jpg,elephant,51,"African elephant, Loxodonta africana",0.109199
./nom_ref_imgs/resize_by_larger_dim/elephant_scaled.jpg,elephant,51,warthog,0.0863886
./nom_ref_imgs/resize_by_larger_dim/elephant_scaled.jpg,elephant,51,"hog, pig, grunter, squealer, Sus scrofa",0.0525357
./nom_ref_imgs/resize_by_larger_dim/elephant_scaled.jpg,elephant,51,tusker,0.0298008
./nom_ref_imgs/resize_by_larger_dim/elephant_scaled.jpg,elephant,51,"bighorn, bighorn sheep, cimarron, Rocky Mountain bighorn, Rocky Mountain sheep, Ovis canadensis",0.012819
./nom_ref_imgs/resize_by_larger_dim/elephant_scaled.jpg,elephant,51,"wild boar, boar, Sus scrofa",0.0113035
./nom_ref_imgs/resize_by_larger_dim/elephant_scaled.jpg,elephant,51,Mexican hairless,0.00802706
./nom_ref_imgs/resize_by_larger_dim/elephant_scaled.jpg,elephant,51,"ram, tup",0.00652859
./nom_ref_imgs/resize_by_larger_dim/coffeeTable_scaled.jpg,coffeetable,20,park bench,0.234284
./nom_ref_imgs/resize_by_larger_dim/coffeeTable_scaled.jpg,coffeetable,20,space heater,0.0778566
./nom_ref_imgs/resize_by_larger_dim/coffeeTable_scaled.jpg,coffeetable,20,rotisserie,0.050452
./nom_ref_imgs/resize_by_larger_dim/coffeeTable_scaled.jpg,coffeetable,20,"studio couch, day bed",0.0372742
./nom_ref_imgs/resize_by_larger_dim/coffeeTable_scaled.jpg,coffeetable,20,"harmonica, mouth organ, harp, mouth harp",0.0280839
./nom_ref_imgs/resize_by_larger_dim/coffeeTable_scaled.jpg,coffeetable,20,plate rack,0.0267626
./nom_ref_imgs/resize_by_larger_dim/coffeeTable_scaled.jpg,coffeetable,20,printer,0.022556
./nom_ref_imgs/resize_by_larger_dim/coffeeTable_scaled.jpg,coffeetable,20,paper towel,0.0225285
./nom_ref_imgs/resize_by_larger_dim/coffeeTable_scaled.jpg,coffeetable,20,"parallel bars, bars",0.0150983
./nom_ref_imgs/resize_by_larger_dim/coffeeTable_scaled.jpg,coffeetable,20,hammer,0.0139839
./nom_ref_imgs/resize_by_larger_dim/lamp_scaled.jpg,lamp,43,table lamp,0.982465
./nom_ref_imgs/resize_by_larger_dim/lamp_scaled.jpg,lamp,43,"lampshade, lamp shade",0.0174037
./nom_ref_imgs/resize_by_larger_dim/lamp_scaled.jpg,lamp,43,"chime, bell, gong",6.76036e-05
./nom_ref_imgs/resize_by_larger_dim/lamp_scaled.jpg,lamp,43,"spotlight, spot",2.1127e-05
./nom_ref_imgs/resize_by_larger_dim/lamp_scaled.jpg,lamp,43,nipple,1.38612e-05
./nom_ref_imgs/resize_by_larger_dim/lamp_scaled.jpg,lamp,43,"punching bag, punch bag, punching ball, punchball",8.54171e-06
./nom_ref_imgs/resize_by_larger_dim/lamp_scaled.jpg,lamp,43,tripod,3.54434e-06
./nom_ref_imgs/resize_by_larger_dim/lamp_scaled.jpg,lamp,43,"hook, claw",2.89603e-06
./nom_ref_imgs/resize_by_larger_dim/lamp_scaled.jpg,lamp,43,"pedestal, plinth, footstall",2.19773e-06
./nom_ref_imgs/resize_by_larger_dim/lamp_scaled.jpg,lamp,43,"hoopskirt, crinoline",1.60124e-06
./nom_ref_imgs/resize_by_larger_dim/ivy_scaled.jpg,ivy,77,pinwheel,0.13796
./nom_ref_imgs/resize_by_larger_dim/ivy_scaled.jpg,ivy,77,hair slide,0.117624
./nom_ref_imgs/resize_by_larger_dim/ivy_scaled.jpg,ivy,77,"hook, claw",0.063334
./nom_ref_imgs/resize_by_larger_dim/ivy_scaled.jpg,ivy,77,jigsaw puzzle,0.0630071
./nom_ref_imgs/resize_by_larger_dim/ivy_scaled.jpg,ivy,77,necklace,0.062746
./nom_ref_imgs/resize_by_larger_dim/ivy_scaled.jpg,ivy,77,whistle,0.0572938
./nom_ref_imgs/resize_by_larger_dim/ivy_scaled.jpg,ivy,77,"plow, plough",0.0384986
./nom_ref_imgs/resize_by_larger_dim/ivy_scaled.jpg,ivy,77,"binder, ring-binder",0.031967
./nom_ref_imgs/resize_by_larger_dim/ivy_scaled.jpg,ivy,77,safety pin,0.0310658
./nom_ref_imgs/resize_by_larger_dim/ivy_scaled.jpg,ivy,77,"bow tie, bow-tie, bowtie",0.0265508
./nom_ref_imgs/resize_by_larger_dim/bedsideTable_scaled.jpg,bedsidetable,29,"medicine chest, medicine cabinet",0.0783085
./nom_ref_imgs/resize_by_larger_dim/bedsideTable_scaled.jpg,bedsidetable,29,"file, file cabinet, filing cabinet",0.0671671
./nom_ref_imgs/resize_by_larger_dim/bedsideTable_scaled.jpg,bedsidetable,29,window screen,0.0495773
./nom_ref_imgs/resize_by_larger_dim/bedsideTable_scaled.jpg,bedsidetable,29,"binder, ring-binder",0.0431356
./nom_ref_imgs/resize_by_larger_dim/bedsideTable_scaled.jpg,bedsidetable,29,desktop computer,0.0382007
./nom_ref_imgs/resize_by_larger_dim/bedsideTable_scaled.jpg,bedsidetable,29,desk,0.0300185
./nom_ref_imgs/resize_by_larger_dim/bedsideTable_scaled.jpg,bedsidetable,29,safe,0.0278545
./nom_ref_imgs/resize_by_larger_dim/bedsideTable_scaled.jpg,bedsidetable,29,stove,0.0276847
./nom_ref_imgs/resize_by_larger_dim/bedsideTable_scaled.jpg,bedsidetable,29,"television, television system",0.0272571
./nom_ref_imgs/resize_by_larger_dim/bedsideTable_scaled.jpg,bedsidetable,29,"screen, CRT screen",0.0261333
./nom_ref_imgs/resize_by_larger_dim/grasses_scaled.jpg,grasses,44,"quill, quill pen",0.668073
./nom_ref_imgs/resize_by_larger_dim/grasses_scaled.jpg,grasses,44,cardoon,0.0409595
./nom_ref_imgs/resize_by_larger_dim/grasses_scaled.jpg,grasses,44,"sea anemone, anemone",0.0267243
./nom_ref_imgs/resize_by_larger_dim/grasses_scaled.jpg,grasses,44,"pineapple, ananas",0.0238855
./nom_ref_imgs/resize_by_larger_dim/grasses_scaled.jpg,grasses,44,daisy,0.0155872
./nom_ref_imgs/resize_by_larger_dim/grasses_scaled.jpg,grasses,44,sea urchin,0.0139757
./nom_ref_imgs/resize_by_larger_dim/grasses_scaled.jpg,grasses,44,"pot, flowerpot",0.0132746
./nom_ref_imgs/resize_by_larger_dim/grasses_scaled.jpg,grasses,44,centipede,0.0128891
./nom_ref_imgs/resize_by_larger_dim/grasses_scaled.jpg,grasses,44,vase,0.0116183
./nom_ref_imgs/resize_by_larger_dim/grasses_scaled.jpg,grasses,44,umbrella,0.011617
./nom_ref_imgs/resize_by_larger_dim/clownFish_scaled.jpg,clownfish,35,"hook, claw",0.396045
./nom_ref_imgs/resize_by_larger_dim/clownFish_scaled.jpg,clownfish,35,nipple,0.161321
./nom_ref_imgs/resize_by_larger_dim/clownFish_scaled.jpg,clownfish,35,whistle,0.0427809
./nom_ref_imgs/resize_by_larger_dim/clownFish_scaled.jpg,clownfish,35,jigsaw puzzle,0.0395563
./nom_ref_imgs/resize_by_larger_dim/clownFish_scaled.jpg,clownfish,35,oxygen mask,0.0357153
./nom_ref_imgs/resize_by_larger_dim/clownFish_scaled.jpg,clownfish,35,knot,0.0329041
./nom_ref_imgs/resize_by_larger_dim/clownFish_scaled.jpg,clownfish,35,snorkel,0.019363
./nom_ref_imgs/resize_by_larger_dim/clownFish_scaled.jpg,clownfish,35,hair slide,0.0156803
./nom_ref_imgs/resize_by_larger_dim/clownFish_scaled.jpg,clownfish,35,"can opener, tin opener",0.0144224
./nom_ref_imgs/resize_by_larger_dim/clownFish_scaled.jpg,clownfish,35,"switch, electric switch, electrical switch",0.0122532
./nom_ref_imgs/resize_by_larger_dim/minivan_scaled.jpg,minivan,7,"beach wagon, station wagon, wagon, estate car, beach waggon, station waggon, waggon",0.436533
./nom_ref_imgs/resize_by_larger_dim/minivan_scaled.jpg,minivan,7,minivan,0.325624
./nom_ref_imgs/resize_by_larger_dim/minivan_scaled.jpg,minivan,7,minibus,0.093113
./nom_ref_imgs/resize_by_larger_dim/minivan_scaled.jpg,minivan,7,"pickup, pickup truck",0.0255721
./nom_ref_imgs/resize_by_larger_dim/minivan_scaled.jpg,minivan,7,moving van,0.0135504
./nom_ref_imgs/resize_by_larger_dim/minivan_scaled.jpg,minivan,7,"limousine, limo",0.0123235
./nom_ref_imgs/resize_by_larger_dim/minivan_scaled.jpg,minivan,7,car wheel,0.010778
./nom_ref_imgs/resize_by_larger_dim/minivan_scaled.jpg,minivan,7,"police van, police wagon, paddy wagon, patrol wagon, wagon, black Maria",0.00974524
./nom_ref_imgs/resize_by_larger_dim/minivan_scaled.jpg,minivan,7,"grille, radiator grille",0.0075235
./nom_ref_imgs/resize_by_larger_dim/minivan_scaled.jpg,minivan,7,convertible,0.00715781
./nom_ref_imgs/resize_by_larger_dim/sideTable_scaled.jpg,sidetable,38,desk,0.641168
./nom_ref_imgs/resize_by_larger_dim/sideTable_scaled.jpg,sidetable,38,potter's wheel,0.231369
./nom_ref_imgs/resize_by_larger_dim/sideTable_scaled.jpg,sidetable,38,"pool table, billiard table, snooker table",0.0387186
./nom_ref_imgs/resize_by_larger_dim/sideTable_scaled.jpg,sidetable,38,"pedestal, plinth, footstall",0.0330842
./nom_ref_imgs/resize_by_larger_dim/sideTable_scaled.jpg,sidetable,38,turnstile,0.0255042
./nom_ref_imgs/resize_by_larger_dim/sideTable_scaled.jpg,sidetable,38,"dining table, board",0.0102786
./nom_ref_imgs/resize_by_larger_dim/sideTable_scaled.jpg,sidetable,38,guillotine,0.00324082
./nom_ref_imgs/resize_by_larger_dim/sideTable_scaled.jpg,sidetable,38,"washbasin, handbasin, washbowl, lavabo, wash-hand basin",0.00182794
./nom_ref_imgs/resize_by_larger_dim/sideTable_scaled.jpg,sidetable,38,"parallel bars, bars",0.00177956
./nom_ref_imgs/resize_by_larger_dim/sideTable_scaled.jpg,sidetable,38,stretcher,0.00167525
./nom_ref_imgs/resize_by_larger_dim/pigeon_scaled.jpg,pigeon,19,ptarmigan,0.193916
./nom_ref_imgs/resize_by_larger_dim/pigeon_scaled.jpg,pigeon,19,"albatross, mollymawk",0.186722
./nom_ref_imgs/resize_by_larger_dim/pigeon_scaled.jpg,pigeon,19,chickadee,0.0701724
./nom_ref_imgs/resize_by_larger_dim/pigeon_scaled.jpg,pigeon,19,hammer,0.064261
./nom_ref_imgs/resize_by_larger_dim/pigeon_scaled.jpg,pigeon,19,spoonbill,0.0476149
./nom_ref_imgs/resize_by_larger_dim/pigeon_scaled.jpg,pigeon,19,kite,0.0453696
./nom_ref_imgs/resize_by_larger_dim/pigeon_scaled.jpg,pigeon,19,goose,0.015702
./nom_ref_imgs/resize_by_larger_dim/pigeon_scaled.jpg,pigeon,19,whippet,0.0153584
./nom_ref_imgs/resize_by_larger_dim/pigeon_scaled.jpg,pigeon,19,magpie,0.0150192
./nom_ref_imgs/resize_by_larger_dim/pigeon_scaled.jpg,pigeon,19,"water ouzel, dipper",0.0144765
./nom_ref_imgs/resize_by_larger_dim/hamster_scaled.jpg,hamster,63,hamster,0.509802
./nom_ref_imgs/resize_by_larger_dim/hamster_scaled.jpg,hamster,63,hare,0.288134
./nom_ref_imgs/resize_by_larger_dim/hamster_scaled.jpg,hamster,63,"Angora, Angora rabbit",0.0462566
./nom_ref_imgs/resize_by_larger_dim/hamster_scaled.jpg,hamster,63,weasel,0.0274308
./nom_ref_imgs/resize_by_larger_dim/hamster_scaled.jpg,hamster,63,"piggy bank, penny bank",0.0171239
./nom_ref_imgs/resize_by_larger_dim/hamster_scaled.jpg,hamster,63,"wood rabbit, cottontail, cottontail rabbit",0.016406
./nom_ref_imgs/resize_by_larger_dim/hamster_scaled.jpg,hamster,63,plastic bag,0.0118343
./nom_ref_imgs/resize_by_larger_dim/hamster_scaled.jpg,hamster,63,"Arctic fox, white fox, Alopex lagopus",0.00960453
./nom_ref_imgs/resize_by_larger_dim/hamster_scaled.jpg,hamster,63,mink,0.00757632
./nom_ref_imgs/resize_by_larger_dim/hamster_scaled.jpg,hamster,63,"Siamese cat, Siamese",0.00707065
./nom_ref_imgs/resize_by_larger_dim/lion_scaled.jpg,lion,48,oxygen mask,0.0470877
./nom_ref_imgs/resize_by_larger_dim/lion_scaled.jpg,lion,48,sea lion,0.040076
./nom_ref_imgs/resize_by_larger_dim/lion_scaled.jpg,lion,48,"basset, basset hound",0.0327559
./nom_ref_imgs/resize_by_larger_dim/lion_scaled.jpg,lion,48,Great Dane,0.0321451
./nom_ref_imgs/resize_by_larger_dim/lion_scaled.jpg,lion,48,"ocarina, sweet potato",0.0279071
./nom_ref_imgs/resize_by_larger_dim/lion_scaled.jpg,lion,48,"platypus, duckbill, duckbilled platypus, duck-billed platypus, Ornithorhynchus anatinus",0.0274209
./nom_ref_imgs/resize_by_larger_dim/lion_scaled.jpg,lion,48,Weimaraner,0.0235645
./nom_ref_imgs/resize_by_larger_dim/lion_scaled.jpg,lion,48,"cocker spaniel, English cocker spaniel, cocker",0.0232366
./nom_ref_imgs/resize_by_larger_dim/lion_scaled.jpg,lion,48,"three-toed sloth, ai, Bradypus tridactylus",0.0212714
./nom_ref_imgs/resize_by_larger_dim/lion_scaled.jpg,lion,48,bluetick,0.0186242
./nom_ref_imgs/resize_by_larger_dim/rhino_scaled.jpg,rhino,49,triceratops,0.983781
./nom_ref_imgs/resize_by_larger_dim/rhino_scaled.jpg,rhino,49,"dugong, Dugong dugon",0.0077886
./nom_ref_imgs/resize_by_larger_dim/rhino_scaled.jpg,rhino,49,warthog,0.00271936
./nom_ref_imgs/resize_by_larger_dim/rhino_scaled.jpg,rhino,49,"ice bear, polar bear, Ursus Maritimus, Thalarctos maritimus",0.00233801
./nom_ref_imgs/resize_by_larger_dim/rhino_scaled.jpg,rhino,49,"hog, pig, grunter, squealer, Sus scrofa",0.000846856
./nom_ref_imgs/resize_by_larger_dim/rhino_scaled.jpg,rhino,49,"piggy bank, penny bank",0.000431545
./nom_ref_imgs/resize_by_larger_dim/rhino_scaled.jpg,rhino,49,"white wolf, Arctic wolf, Canis lupus tundrarum",0.000329935
./nom_ref_imgs/resize_by_larger_dim/rhino_scaled.jpg,rhino,49,"Arctic fox, white fox, Alopex lagopus",0.00018731
./nom_ref_imgs/resize_by_larger_dim/rhino_scaled.jpg,rhino,49,"African elephant, Loxodonta africana",0.000143371
./nom_ref_imgs/resize_by_larger_dim/rhino_scaled.jpg,rhino,49,tusker,0.000130307
./nom_ref_imgs/resize_by_larger_dim/sportsCar_scaled.jpg,sportscar,30,convertible,0.295131
./nom_ref_imgs/resize_by_larger_dim/sportsCar_scaled.jpg,sportscar,30,"sports car, sport car",0.226267
./nom_ref_imgs/resize_by_larger_dim/sportsCar_scaled.jpg,sportscar,30,car wheel,0.122113
./nom_ref_imgs/resize_by_larger_dim/sportsCar_scaled.jpg,sportscar,30,"beach wagon, station wagon, wagon, estate car, beach waggon, station waggon, waggon",0.109051
./nom_ref_imgs/resize_by_larger_dim/sportsCar_scaled.jpg,sportscar,30,"pickup, pickup truck",0.0355687
./nom_ref_imgs/resize_by_larger_dim/sportsCar_scaled.jpg,sportscar,30,"racer, race car, racing car",0.0330852
./nom_ref_imgs/resize_by_larger_dim/sportsCar_scaled.jpg,sportscar,30,minivan,0.0158652
./nom_ref_imgs/resize_by_larger_dim/sportsCar_scaled.jpg,sportscar,30,"limousine, limo",0.0143181
./nom_ref_imgs/resize_by_larger_dim/sportsCar_scaled.jpg,sportscar,30,"grille, radiator grille",0.0137425
./nom_ref_imgs/resize_by_larger_dim/sportsCar_scaled.jpg,sportscar,30,stethoscope,0.0117039
./nom_ref_imgs/resize_by_larger_dim/squirrel_scaled.jpg,squirrel,55,"white wolf, Arctic wolf, Canis lupus tundrarum",0.24723
./nom_ref_imgs/resize_by_larger_dim/squirrel_scaled.jpg,squirrel,55,"Arctic fox, white fox, Alopex lagopus",0.143928
./nom_ref_imgs/resize_by_larger_dim/squirrel_scaled.jpg,squirrel,55,"coyote, prairie wolf, brush wolf, Canis latrans",0.133838
./nom_ref_imgs/resize_by_larger_dim/squirrel_scaled.jpg,squirrel,55,"kit fox, Vulpes macrotis",0.100775
./nom_ref_imgs/resize_by_larger_dim/squirrel_scaled.jpg,squirrel,55,"grey fox, gray fox, Urocyon cinereoargenteus",0.095151
./nom_ref_imgs/resize_by_larger_dim/squirrel_scaled.jpg,squirrel,55,"timber wolf, grey wolf, gray wolf, Canis lupus",0.0823921
./nom_ref_imgs/resize_by_larger_dim/squirrel_scaled.jpg,squirrel,55,"red fox, Vulpes vulpes",0.0754394
./nom_ref_imgs/resize_by_larger_dim/squirrel_scaled.jpg,squirrel,55,"Eskimo dog, husky",0.027612
./nom_ref_imgs/resize_by_larger_dim/squirrel_scaled.jpg,squirrel,55,"lynx, catamount",0.0208274
./nom_ref_imgs/resize_by_larger_dim/squirrel_scaled.jpg,squirrel,55,"wallaby, brush kangaroo",0.0135983
./nom_ref_imgs/resize_by_larger_dim/ambulance_scaled.jpg,ambulance,36,ambulance,0.317914
./nom_ref_imgs/resize_by_larger_dim/ambulance_scaled.jpg,ambulance,36,"police van, police wagon, paddy wagon, patrol wagon, wagon, black Maria",0.21766
./nom_ref_imgs/resize_by_larger_dim/ambulance_scaled.jpg,ambulance,36,"garbage truck, dustcart",0.132173
./nom_ref_imgs/resize_by_larger_dim/ambulance_scaled.jpg,ambulance,36,moving van,0.0999114
./nom_ref_imgs/resize_by_larger_dim/ambulance_scaled.jpg,ambulance,36,"recreational vehicle, RV, R.V.",0.0827831
./nom_ref_imgs/resize_by_larger_dim/ambulance_scaled.jpg,ambulance,36,minibus,0.0514785
./nom_ref_imgs/resize_by_larger_dim/ambulance_scaled.jpg,ambulance,36,"trailer truck, tractor trailer, trucking rig, rig, articulated lorry, semi",0.0145924
./nom_ref_imgs/resize_by_larger_dim/ambulance_scaled.jpg,ambulance,36,"pickup, pickup truck",0.00777056
./nom_ref_imgs/resize_by_larger_dim/ambulance_scaled.jpg,ambulance,36,"mobile home, manufactured home",0.00737495
./nom_ref_imgs/resize_by_larger_dim/ambulance_scaled.jpg,ambulance,36,minivan,0.00720565
./nom_ref_imgs/resize_by_larger_dim/campShirt_scaled.jpg,campshirt,74,"suit, suit of clothes",0.669774
./nom_ref_imgs/resize_by_larger_dim/campShirt_scaled.jpg,campshirt,74,trench coat,0.217257
./nom_ref_imgs/resize_by_larger_dim/campShirt_scaled.jpg,campshirt,74,cardigan,0.0288423
./nom_ref_imgs/resize_by_larger_dim/campShirt_scaled.jpg,campshirt,74,Windsor tie,0.0226785
./nom_ref_imgs/resize_by_larger_dim/campShirt_scaled.jpg,campshirt,74,"wool, woolen, woollen",0.0132222
./nom_ref_imgs/resize_by_larger_dim/campShirt_scaled.jpg,campshirt,74,"lab coat, laboratory coat",0.0127944
./nom_ref_imgs/resize_by_larger_dim/campShirt_scaled.jpg,campshirt,74,velvet,0.00727164
./nom_ref_imgs/resize_by_larger_dim/campShirt_scaled.jpg,campshirt,74,"jersey, T-shirt, tee shirt",0.00421324
./nom_ref_imgs/resize_by_larger_dim/campShirt_scaled.jpg,campshirt,74,"pajama, pyjama, pj's, jammies",0.00420869
./nom_ref_imgs/resize_by_larger_dim/campShirt_scaled.jpg,campshirt,74,military uniform,0.00408523
./nom_ref_imgs/resize_by_larger_dim/germanShepherd_scaled.jpg,germanshepherd,23,"Eskimo dog, husky",0.378692
./nom_ref_imgs/resize_by_larger_dim/germanShepherd_scaled.jpg,germanshepherd,23,Siberian husky,0.111623
./nom_ref_imgs/resize_by_larger_dim/germanShepherd_scaled.jpg,germanshepherd,23,"Siamese cat, Siamese",0.0739981
./nom_ref_imgs/resize_by_larger_dim/germanShepherd_scaled.jpg,germanshepherd,23,Egyptian cat,0.0345134
./nom_ref_imgs/resize_by_larger_dim/germanShepherd_scaled.jpg,germanshepherd,23,jay,0.0299265
./nom_ref_imgs/resize_by_larger_dim/germanShepherd_scaled.jpg,germanshepherd,23,"Norwegian elkhound, elkhound",0.0262163
./nom_ref_imgs/resize_by_larger_dim/germanShepherd_scaled.jpg,germanshepherd,23,toy terrier,0.0252511
./nom_ref_imgs/resize_by_larger_dim/germanShepherd_scaled.jpg,germanshepherd,23,"Ibizan hound, Ibizan Podenco",0.0235492
./nom_ref_imgs/resize_by_larger_dim/germanShepherd_scaled.jpg,germanshepherd,23,"corkscrew, bottle screw",0.0194321
./nom_ref_imgs/resize_by_larger_dim/germanShepherd_scaled.jpg,germanshepherd,23,hare,0.0123564
./nom_ref_imgs/resize_by_larger_dim/dalmatian_scaled.jpg,dalmatian,27,"dalmatian, coach dog, carriage dog",0.336558
./nom_ref_imgs/resize_by_larger_dim/dalmatian_scaled.jpg,dalmatian,27,"corkscrew, bottle screw",0.178017
./nom_ref_imgs/resize_by_larger_dim/dalmatian_scaled.jpg,dalmatian,27,English setter,0.0375913
./nom_ref_imgs/resize_by_larger_dim/dalmatian_scaled.jpg,dalmatian,27,Egyptian cat,0.0269187
./nom_ref_imgs/resize_by_larger_dim/dalmatian_scaled.jpg,dalmatian,27,German short-haired pointer,0.0230676
./nom_ref_imgs/resize_by_larger_dim/dalmatian_scaled.jpg,dalmatian,27,banded gecko,0.0228628
./nom_ref_imgs/resize_by_larger_dim/dalmatian_scaled.jpg,dalmatian,27,chain,0.0213136
./nom_ref_imgs/resize_by_larger_dim/dalmatian_scaled.jpg,dalmatian,27,hair slide,0.0164609
./nom_ref_imgs/resize_by_larger_dim/dalmatian_scaled.jpg,dalmatian,27,Great Dane,0.0122364
./nom_ref_imgs/resize_by_larger_dim/dalmatian_scaled.jpg,dalmatian,27,"oboe, hautboy, hautbois",0.0107157
./nom_ref_imgs/resize_by_larger_dim/chips_scaled.jpg,chips,45,nipple,0.210242
./nom_ref_imgs/resize_by_larger_dim/chips_scaled.jpg,chips,45,plastic bag,0.203855
./nom_ref_imgs/resize_by_larger_dim/chips_scaled.jpg,chips,45,sleeping bag,0.101227
./nom_ref_imgs/resize_by_larger_dim/chips_scaled.jpg,chips,45,knot,0.0749663
./nom_ref_imgs/resize_by_larger_dim/chips_scaled.jpg,chips,45,oxygen mask,0.0509897
./nom_ref_imgs/resize_by_larger_dim/chips_scaled.jpg,chips,45,"diaper, nappy, napkin",0.0382619
./nom_ref_imgs/resize_by_larger_dim/chips_scaled.jpg,chips,45,bassinet,0.0320052
./nom_ref_imgs/resize_by_larger_dim/chips_scaled.jpg,chips,45,shower cap,0.0279503
./nom_ref_imgs/resize_by_larger_dim/chips_scaled.jpg,chips,45,whistle,0.0193608
./nom_ref_imgs/resize_by_larger_dim/chips_scaled.jpg,chips,45,running shoe,0.018637
./nom_ref_imgs/resize_by_larger_dim/socks_scaled.jpg,socks,73,"panpipe, pandean pipe, syrinx",0.599949
./nom_ref_imgs/resize_by_larger_dim/socks_scaled.jpg,socks,73,Windsor tie,0.236742
./nom_ref_imgs/resize_by_larger_dim/socks_scaled.jpg,socks,73,"coil, spiral, volute, whorl, helix",0.0473893
./nom_ref_imgs/resize_by_larger_dim/socks_scaled.jpg,socks,73,sock,0.0174565
./nom_ref_imgs/resize_by_larger_dim/socks_scaled.jpg,socks,73,maraca,0.0163816
./nom_ref_imgs/resize_by_larger_dim/socks_scaled.jpg,socks,73,screwdriver,0.0144551
./nom_ref_imgs/resize_by_larger_dim/socks_scaled.jpg,socks,73,spatula,0.0106263
./nom_ref_imgs/resize_by_larger_dim/socks_scaled.jpg,socks,73,hair slide,0.00861116
./nom_ref_imgs/resize_by_larger_dim/socks_scaled.jpg,socks,73,matchstick,0.0069812
./nom_ref_imgs/resize_by_larger_dim/socks_scaled.jpg,socks,73,screw,0.00426696
./nom_ref_imgs/resize_by_larger_dim/parrot_scaled.jpg,parrot,5,macaw,0.933165
./nom_ref_imgs/resize_by_larger_dim/parrot_scaled.jpg,parrot,5,bee eater,0.0384565
./nom_ref_imgs/resize_by_larger_dim/parrot_scaled.jpg,parrot,5,"indigo bunting, indigo finch, indigo bird, Passerina cyanea",0.0131299
./nom_ref_imgs/resize_by_larger_dim/parrot_scaled.jpg,parrot,5,"quill, quill pen",0.00323717
./nom_ref_imgs/resize_by_larger_dim/parrot_scaled.jpg,parrot,5,lorikeet,0.00196971
./nom_ref_imgs/resize_by_larger_dim/parrot_scaled.jpg,parrot,5,ski,0.0014898
./nom_ref_imgs/resize_by_larger_dim/parrot_scaled.jpg,parrot,5,bow,0.000909601
./nom_ref_imgs/resize_by_larger_dim/parrot_scaled.jpg,parrot,5,"black stork, Ciconia nigra",0.000723585
./nom_ref_imgs/resize_by_larger_dim/parrot_scaled.jpg,parrot,5,"parachute, chute",0.000659762
./nom_ref_imgs/resize_by_larger_dim/parrot_scaled.jpg,parrot,5,jay,0.000474863
./nom_ref_imgs/resize_by_larger_dim/pandaBear_scaled.jpg,pandabear,26,"American Staffordshire terrier, Staffordshire terrier, American pit bull terrier, pit bull terrier",0.133354
./nom_ref_imgs/resize_by_larger_dim/pandaBear_scaled.jpg,pandabear,26,"Staffordshire bullterrier, Staffordshire bull terrier",0.112179
./nom_ref_imgs/resize_by_larger_dim/pandaBear_scaled.jpg,pandabear,26,"piggy bank, penny bank",0.109487
./nom_ref_imgs/resize_by_larger_dim/pandaBear_scaled.jpg,pandabear,26,"giant panda, panda, panda bear, coon bear, Ailuropoda melanoleuca",0.0745173
./nom_ref_imgs/resize_by_larger_dim/pandaBear_scaled.jpg,pandabear,26,French bulldog,0.0705639
./nom_ref_imgs/resize_by_larger_dim/pandaBear_scaled.jpg,pandabear,26,"ice bear, polar bear, Ursus Maritimus, Thalarctos maritimus",0.0703614
./nom_ref_imgs/resize_by_larger_dim/pandaBear_scaled.jpg,pandabear,26,"Siamese cat, Siamese",0.0508528
./nom_ref_imgs/resize_by_larger_dim/pandaBear_scaled.jpg,pandabear,26,"guinea pig, Cavia cobaya",0.0256215
./nom_ref_imgs/resize_by_larger_dim/pandaBear_scaled.jpg,pandabear,26,soccer ball,0.0227359
./nom_ref_imgs/resize_by_larger_dim/pandaBear_scaled.jpg,pandabear,26,"Sealyham terrier, Sealyham",0.0217023
./nom_ref_imgs/resize_by_larger_dim/bed_scaled.jpg,bed,69,"studio couch, day bed",0.448782
./nom_ref_imgs/resize_by_larger_dim/bed_scaled.jpg,bed,69,bassinet,0.195375
./nom_ref_imgs/resize_by_larger_dim/bed_scaled.jpg,bed,69,desk,0.0708422
./nom_ref_imgs/resize_by_larger_dim/bed_scaled.jpg,bed,69,"washbasin, handbasin, washbowl, lavabo, wash-hand basin",0.0561774
./nom_ref_imgs/resize_by_larger_dim/bed_scaled.jpg,bed,69,cradle,0.0241314
./nom_ref_imgs/resize_by_larger_dim/bed_scaled.jpg,bed,69,"bathtub, bathing tub, bath, tub",0.0148903
./nom_ref_imgs/resize_by_larger_dim/bed_scaled.jpg,bed,69,"dining table, board",0.0140097
./nom_ref_imgs/resize_by_larger_dim/bed_scaled.jpg,bed,69,stretcher,0.0133513
./nom_ref_imgs/resize_by_larger_dim/bed_scaled.jpg,bed,69,paper towel,0.0125001
./nom_ref_imgs/resize_by_larger_dim/bed_scaled.jpg,bed,69,"crib, cot",0.0100847
./nom_ref_imgs/resize_by_larger_dim/crocodile_scaled.jpg,crocodile,52,screw,0.106846
./nom_ref_imgs/resize_by_larger_dim/crocodile_scaled.jpg,crocodile,52,"quill, quill pen",0.106046
./nom_ref_imgs/resize_by_larger_dim/crocodile_scaled.jpg,crocodile,52,"gar, garfish, garpike, billfish, Lepisosteus osseus",0.0950153
./nom_ref_imgs/resize_by_larger_dim/crocodile_scaled.jpg,crocodile,52,"rule, ruler",0.0874941
./nom_ref_imgs/resize_by_larger_dim/crocodile_scaled.jpg,crocodile,52,centipede,0.0776123
./nom_ref_imgs/resize_by_larger_dim/crocodile_scaled.jpg,crocodile,52,nail,0.0590987
./nom_ref_imgs/resize_by_larger_dim/crocodile_scaled.jpg,crocodile,52,alligator lizard,0.0379153
./nom_ref_imgs/resize_by_larger_dim/crocodile_scaled.jpg,crocodile,52,"letter opener, paper knife, paperknife",0.0301068
./nom_ref_imgs/resize_by_larger_dim/crocodile_scaled.jpg,crocodile,52,hair slide,0.0264492
./nom_ref_imgs/resize_by_larger_dim/crocodile_scaled.jpg,crocodile,52,bow,0.0211751
./nom_ref_imgs/resize_by_larger_dim/pottedPlant_scaled.jpg,pottedplant,62,"quill, quill pen",0.490056
./nom_ref_imgs/resize_by_larger_dim/pottedPlant_scaled.jpg,pottedplant,62,"pot, flowerpot",0.294295
./nom_ref_imgs/resize_by_larger_dim/pottedPlant_scaled.jpg,pottedplant,62,vase,0.137608
./nom_ref_imgs/resize_by_larger_dim/pottedPlant_scaled.jpg,pottedplant,62,"swab, swob, mop",0.0145397
./nom_ref_imgs/resize_by_larger_dim/pottedPlant_scaled.jpg,pottedplant,62,broom,0.00928323
./nom_ref_imgs/resize_by_larger_dim/pottedPlant_scaled.jpg,pottedplant,62,daisy,0.00728166
./nom_ref_imgs/resize_by_larger_dim/pottedPlant_scaled.jpg,pottedplant,62,"bucket, pail",0.00608499
./nom_ref_imgs/resize_by_larger_dim/pottedPlant_scaled.jpg,pottedplant,62,goblet,0.003398
./nom_ref_imgs/resize_by_larger_dim/pottedPlant_scaled.jpg,pottedplant,62,paintbrush,0.00333169
./nom_ref_imgs/resize_by_larger_dim/pottedPlant_scaled.jpg,pottedplant,62,"plunger, plumber's helper",0.00317388
./nom_ref_imgs/resize_by_larger_dim/discusFish_scaled.jpg,discusfish,67,Windsor tie,0.231705
./nom_ref_imgs/resize_by_larger_dim/discusFish_scaled.jpg,discusfish,67,"spotlight, spot",0.107864
./nom_ref_imgs/resize_by_larger_dim/discusFish_scaled.jpg,discusfish,67,shower cap,0.0753676
./nom_ref_imgs/resize_by_larger_dim/discusFish_scaled.jpg,discusfish,67,plastic bag,0.0720298
./nom_ref_imgs/resize_by_larger_dim/discusFish_scaled.jpg,discusfish,67,"wool, woolen, woollen",0.041164
./nom_ref_imgs/resize_by_larger_dim/discusFish_scaled.jpg,discusfish,67,golf ball,0.0356211
./nom_ref_imgs/resize_by_larger_dim/discusFish_scaled.jpg,discusfish,67,"swab, swob, mop",0.0290196
./nom_ref_imgs/resize_by_larger_dim/discusFish_scaled.jpg,discusfish,67,"piggy bank, penny bank",0.0251228
./nom_ref_imgs/resize_by_larger_dim/discusFish_scaled.jpg,discusfish,67,"bonnet, poke bonnet",0.0221608
./nom_ref_imgs/resize_by_larger_dim/discusFish_scaled.jpg,discusfish,67,head cabbage,0.0156193
./nom_ref_imgs/resize_by_larger_dim/rosemary_scaled.jpg,rosemary,66,"quill, quill pen",0.648981
./nom_ref_imgs/resize_by_larger_dim/rosemary_scaled.jpg,rosemary,66,broom,0.0593937
./nom_ref_imgs/resize_by_larger_dim/rosemary_scaled.jpg,rosemary,66,peacock,0.0519118
./nom_ref_imgs/resize_by_larger_dim/rosemary_scaled.jpg,rosemary,66,"swab, swob, mop",0.0483397
./nom_ref_imgs/resize_by_larger_dim/rosemary_scaled.jpg,rosemary,66,hair slide,0.0181623
./nom_ref_imgs/resize_by_larger_dim/rosemary_scaled.jpg,rosemary,66,"feather boa, boa",0.0156821
./nom_ref_imgs/resize_by_larger_dim/rosemary_scaled.jpg,rosemary,66,paintbrush,0.0131206
./nom_ref_imgs/resize_by_larger_dim/rosemary_scaled.jpg,rosemary,66,knot,0.0111261
./nom_ref_imgs/resize_by_larger_dim/rosemary_scaled.jpg,rosemary,66,hummingbird,0.00781203
./nom_ref_imgs/resize_by_larger_dim/rosemary_scaled.jpg,rosemary,66,jay,0.00679976
./nom_ref_imgs/resize_by_larger_dim/cow_scaled.jpg,cow,54,Great Dane,0.153757
./nom_ref_imgs/resize_by_larger_dim/cow_scaled.jpg,cow,54,"Staffordshire bullterrier, Staffordshire bull terrier",0.103927
./nom_ref_imgs/resize_by_larger_dim/cow_scaled.jpg,cow,54,whippet,0.100743
./nom_ref_imgs/resize_by_larger_dim/cow_scaled.jpg,cow,54,ox,0.090496
./nom_ref_imgs/resize_by_larger_dim/cow_scaled.jpg,cow,54,Italian greyhound,0.0841284
./nom_ref_imgs/resize_by_larger_dim/cow_scaled.jpg,cow,54,"Walker hound, Walker foxhound",0.0675689
./nom_ref_imgs/resize_by_larger_dim/cow_scaled.jpg,cow,54,"American Staffordshire terrier, Staffordshire terrier, American pit bull terrier, pit bull terrier",0.0470107
./nom_ref_imgs/resize_by_larger_dim/cow_scaled.jpg,cow,54,English foxhound,0.0356454
./nom_ref_imgs/resize_by_larger_dim/cow_scaled.jpg,cow,54,Weimaraner,0.0285303
./nom_ref_imgs/resize_by_larger_dim/cow_scaled.jpg,cow,54,basenji,0.0231685
./nom_ref_imgs/resize_by_larger_dim/daisy_scaled.jpg,daisy,24,daisy,0.422724
./nom_ref_imgs/resize_by_larger_dim/daisy_scaled.jpg,daisy,24,"quill, quill pen",0.235961
./nom_ref_imgs/resize_by_larger_dim/daisy_scaled.jpg,daisy,24,hair slide,0.156371
./nom_ref_imgs/resize_by_larger_dim/daisy_scaled.jpg,daisy,24,pinwheel,0.0280247
./nom_ref_imgs/resize_by_larger_dim/daisy_scaled.jpg,daisy,24,"swab, swob, mop",0.0270826
./nom_ref_imgs/resize_by_larger_dim/daisy_scaled.jpg,daisy,24,"bolo tie, bolo, bola tie, bola",0.0152015
./nom_ref_imgs/resize_by_larger_dim/daisy_scaled.jpg,daisy,24,"indigo bunting, indigo finch, indigo bird, Passerina cyanea",0.0130994
./nom_ref_imgs/resize_by_larger_dim/daisy_scaled.jpg,daisy,24,wall clock,0.0111555
./nom_ref_imgs/resize_by_larger_dim/daisy_scaled.jpg,daisy,24,screwdriver,0.0110473
./nom_ref_imgs/resize_by_larger_dim/daisy_scaled.jpg,daisy,24,"dragonfly, darning needle, devil's darning needle, sewing needle, snake feeder, snake doctor, mosquito hawk, skeeter hawk",0.0104219
./nom_ref_imgs/resize_by_larger_dim/iguana_scaled.jpg,iguana,53,"green lizard, Lacerta viridis",0.634409
./nom_ref_imgs/resize_by_larger_dim/iguana_scaled.jpg,iguana,53,"American chameleon, anole, Anolis carolinensis",0.167753
./nom_ref_imgs/resize_by_larger_dim/iguana_scaled.jpg,iguana,53,"African chameleon, Chamaeleo chamaeleon",0.0572615
./nom_ref_imgs/resize_by_larger_dim/iguana_scaled.jpg,iguana,53,agama,0.0279732
./nom_ref_imgs/resize_by_larger_dim/iguana_scaled.jpg,iguana,53,stole,0.0189117
./nom_ref_imgs/resize_by_larger_dim/iguana_scaled.jpg,iguana,53,"common iguana, iguana, Iguana iguana",0.014654
./nom_ref_imgs/resize_by_larger_dim/iguana_scaled.jpg,iguana,53,"frilled lizard, Chlamydosaurus kingi",0.0113519
./nom_ref_imgs/resize_by_larger_dim/iguana_scaled.jpg,iguana,53,broccoli,0.0109099
./nom_ref_imgs/resize_by_larger_dim/iguana_scaled.jpg,iguana,53,"bonnet, poke bonnet",0.00624388
./nom_ref_imgs/resize_by_larger_dim/iguana_scaled.jpg,iguana,53,sock,0.00553184
./nom_ref_imgs/resize_by_larger_dim/popcorn_scaled.jpg,popcorn,50,envelope,0.122485
./nom_ref_imgs/resize_by_larger_dim/popcorn_scaled.jpg,popcorn,50,hair slide,0.102949
./nom_ref_imgs/resize_by_larger_dim/popcorn_scaled.jpg,popcorn,50,water bottle,0.0304476
./nom_ref_imgs/resize_by_larger_dim/popcorn_scaled.jpg,popcorn,50,screw,0.0286271
./nom_ref_imgs/resize_by_larger_dim/popcorn_scaled.jpg,popcorn,50,"rule, ruler",0.0269634
./nom_ref_imgs/resize_by_larger_dim/popcorn_scaled.jpg,popcorn,50,"hook, claw",0.0260881
./nom_ref_imgs/resize_by_larger_dim/popcorn_scaled.jpg,popcorn,50,chain,0.0227063
./nom_ref_imgs/resize_by_larger_dim/popcorn_scaled.jpg,popcorn,50,pill bottle,0.0218679
./nom_ref_imgs/resize_by_larger_dim/popcorn_scaled.jpg,popcorn,50,"binder, ring-binder",0.0213662
./nom_ref_imgs/resize_by_larger_dim/popcorn_scaled.jpg,popcorn,50,"spotlight, spot",0.021206
./nom_ref_imgs/resize_by_larger_dim/swordFish_scaled.jpg,swordfish,25,kite,0.317392
./nom_ref_imgs/resize_by_larger_dim/swordFish_scaled.jpg,swordfish,25,"albatross, mollymawk",0.134535
./nom_ref_imgs/resize_by_larger_dim/swordFish_scaled.jpg,swordfish,25,bee eater,0.105903
./nom_ref_imgs/resize_by_larger_dim/swordFish_scaled.jpg,swordfish,25,spoonbill,0.0641277
./nom_ref_imgs/resize_by_larger_dim/swordFish_scaled.jpg,swordfish,25,"walking stick, walkingstick, stick insect",0.0570212
./nom_ref_imgs/resize_by_larger_dim/swordFish_scaled.jpg,swordfish,25,crane,0.0322242
./nom_ref_imgs/resize_by_larger_dim/swordFish_scaled.jpg,swordfish,25,goose,0.0240107
./nom_ref_imgs/resize_by_larger_dim/swordFish_scaled.jpg,swordfish,25,"mantis, mantid",0.0223898
./nom_ref_imgs/resize_by_larger_dim/swordFish_scaled.jpg,swordfish,25,"plow, plough",0.0203196
./nom_ref_imgs/resize_by_larger_dim/swordFish_scaled.jpg,swordfish,25,"hammerhead, hammerhead shark",0.0187607
./nom_ref_imgs/resize_by_larger_dim/bathrobe_scaled.jpg,bathrobe,70,"hoopskirt, crinoline",0.287744
./nom_ref_imgs/resize_by_larger_dim/bathrobe_scaled.jpg,bathrobe,70,velvet,0.129056
./nom_ref_imgs/resize_by_larger_dim/bathrobe_scaled.jpg,bathrobe,70,"pajama, pyjama, pj's, jammies",0.126096
./nom_ref_imgs/resize_by_larger_dim/bathrobe_scaled.jpg,bathrobe,70,overskirt,0.117068
./nom_ref_imgs/resize_by_larger_dim/bathrobe_scaled.jpg,bathrobe,70,sarong,0.0361993
./nom_ref_imgs/resize_by_larger_dim/bathrobe_scaled.jpg,bathrobe,70,"miniskirt, mini",0.0317857
./nom_ref_imgs/resize_by_larger_dim/bathrobe_scaled.jpg,bathrobe,70,wig,0.0292424
./nom_ref_imgs/resize_by_larger_dim/bathrobe_scaled.jpg,bathrobe,70,gown,0.0239954
./nom_ref_imgs/resize_by_larger_dim/bathrobe_scaled.jpg,bathrobe,70,kimono,0.0239135
./nom_ref_imgs/resize_by_larger_dim/bathrobe_scaled.jpg,bathrobe,70,stole,0.0206168
./nom_ref_imgs/resize_by_larger_dim/pretzels_scaled.jpg,pretzels,71,hair slide,0.238788
./nom_ref_imgs/resize_by_larger_dim/pretzels_scaled.jpg,pretzels,71,chain,0.116199
./nom_ref_imgs/resize_by_larger_dim/pretzels_scaled.jpg,pretzels,71,nipple,0.111567
./nom_ref_imgs/resize_by_larger_dim/pretzels_scaled.jpg,pretzels,71,knot,0.0758245
./nom_ref_imgs/resize_by_larger_dim/pretzels_scaled.jpg,pretzels,71,necklace,0.0628523
./nom_ref_imgs/resize_by_larger_dim/pretzels_scaled.jpg,pretzels,71,"chain mail, ring mail, mail, chain armor, chain armour, ring armor, ring armour",0.0375579
./nom_ref_imgs/resize_by_larger_dim/pretzels_scaled.jpg,pretzels,71,"coil, spiral, volute, whorl, helix",0.0351456
./nom_ref_imgs/resize_by_larger_dim/pretzels_scaled.jpg,pretzels,71,maraca,0.0244329
./nom_ref_imgs/resize_by_larger_dim/pretzels_scaled.jpg,pretzels,71,screw,0.0226721
./nom_ref_imgs/resize_by_larger_dim/pretzels_scaled.jpg,pretzels,71,"hook, claw",0.0197453
./nom_ref_imgs/resize_by_larger_dim/horse_scaled.jpg,horse,46,"water buffalo, water ox, Asiatic buffalo, Bubalus bubalis",0.423657
./nom_ref_imgs/resize_by_larger_dim/horse_scaled.jpg,horse,46,ox,0.243529
./nom_ref_imgs/resize_by_larger_dim/horse_scaled.jpg,horse,46,"bighorn, bighorn sheep, cimarron, Rocky Mountain bighorn, Rocky Mountain sheep, Ovis canadensis",0.147046
./nom_ref_imgs/resize_by_larger_dim/horse_scaled.jpg,horse,46,warthog,0.0541386
./nom_ref_imgs/resize_by_larger_dim/horse_scaled.jpg,horse,46,triceratops,0.0268349
./nom_ref_imgs/resize_by_larger_dim/horse_scaled.jpg,horse,46,oxcart,0.0182173
./nom_ref_imgs/resize_by_larger_dim/horse_scaled.jpg,horse,46,Weimaraner,0.00861582
./nom_ref_imgs/resize_by_larger_dim/horse_scaled.jpg,horse,46,hartebeest,0.00834908
./nom_ref_imgs/resize_by_larger_dim/horse_scaled.jpg,horse,46,"ram, tup",0.00824749
./nom_ref_imgs/resize_by_larger_dim/horse_scaled.jpg,horse,46,Mexican hairless,0.0073462
./nom_ref_imgs/resize_by_larger_dim/gloves_scaled.jpg,gloves,65,"binder, ring-binder",0.0932373
./nom_ref_imgs/resize_by_larger_dim/gloves_scaled.jpg,gloves,65,"wallet, billfold, notecase, pocketbook",0.0601999
./nom_ref_imgs/resize_by_larger_dim/gloves_scaled.jpg,gloves,65,buckle,0.0544613
./nom_ref_imgs/resize_by_larger_dim/gloves_scaled.jpg,gloves,65,purse,0.0492388
./nom_ref_imgs/resize_by_larger_dim/gloves_scaled.jpg,gloves,65,plate rack,0.0452421
./nom_ref_imgs/resize_by_larger_dim/gloves_scaled.jpg,gloves,65,shower cap,0.0451379
./nom_ref_imgs/resize_by_larger_dim/gloves_scaled.jpg,gloves,65,whistle,0.0322121
./nom_ref_imgs/resize_by_larger_dim/gloves_scaled.jpg,gloves,65,"mailbag, postbag",0.0302793
./nom_ref_imgs/resize_by_larger_dim/gloves_scaled.jpg,gloves,65,"diaper, nappy, napkin",0.0238685
./nom_ref_imgs/resize_by_larger_dim/gloves_scaled.jpg,gloves,65,mousetrap,0.0237139
./nom_ref_imgs/resize_by_larger_dim/blackBear_scaled.jpg,blackbear,14,"American black bear, black bear, Ursus americanus, Euarctos americanus",0.176989
./nom_ref_imgs/resize_by_larger_dim/blackBear_scaled.jpg,blackbear,14,wombat,0.173031
./nom_ref_imgs/resize_by_larger_dim/blackBear_scaled.jpg,blackbear,14,"hog, pig, grunter, squealer, Sus scrofa",0.156304
./nom_ref_imgs/resize_by_larger_dim/blackBear_scaled.jpg,blackbear,14,"wild boar, boar, Sus scrofa",0.0874718
./nom_ref_imgs/resize_by_larger_dim/blackBear_scaled.jpg,blackbear,14,"Arctic fox, white fox, Alopex lagopus",0.0714723
./nom_ref_imgs/resize_by_larger_dim/blackBear_scaled.jpg,blackbear,14,"timber wolf, grey wolf, gray wolf, Canis lupus",0.0683137
./nom_ref_imgs/resize_by_larger_dim/blackBear_scaled.jpg,blackbear,14,"brown bear, bruin, Ursus arctos",0.0521193
./nom_ref_imgs/resize_by_larger_dim/blackBear_scaled.jpg,blackbear,14,"white wolf, Arctic wolf, Canis lupus tundrarum",0.0463548
./nom_ref_imgs/resize_by_larger_dim/blackBear_scaled.jpg,blackbear,14,"cougar, puma, catamount, mountain lion, painter, panther, Felis concolor",0.0222313
./nom_ref_imgs/resize_by_larger_dim/blackBear_scaled.jpg,blackbear,14,Egyptian cat,0.0169423
./nom_ref_imgs/resize_by_larger_dim/wardrobe_scaled.jpg,wardrobe,59,"wardrobe, closet, press",0.771897
./nom_ref_imgs/resize_by_larger_dim/wardrobe_scaled.jpg,wardrobe,59,"medicine chest, medicine cabinet",0.162982
./nom_ref_imgs/resize_by_larger_dim/wardrobe_scaled.jpg,wardrobe,59,plate rack,0.0291167
./nom_ref_imgs/resize_by_larger_dim/wardrobe_scaled.jpg,wardrobe,59,"china cabinet, china closet",0.00397117
./nom_ref_imgs/resize_by_larger_dim/wardrobe_scaled.jpg,wardrobe,59,"binder, ring-binder",0.00299903
./nom_ref_imgs/resize_by_larger_dim/wardrobe_scaled.jpg,wardrobe,59,window shade,0.00276456
./nom_ref_imgs/resize_by_larger_dim/wardrobe_scaled.jpg,wardrobe,59,safe,0.00201488
./nom_ref_imgs/resize_by_larger_dim/wardrobe_scaled.jpg,wardrobe,59,"microwave, microwave oven",0.00200584
./nom_ref_imgs/resize_by_larger_dim/wardrobe_scaled.jpg,wardrobe,59,"refrigerator, icebox",0.00181275
./nom_ref_imgs/resize_by_larger_dim/wardrobe_scaled.jpg,wardrobe,59,space heater,0.00156538
./nom_ref_imgs/resize_by_larger_dim/snake_scaled.jpg,snake,72,toilet seat,0.15402
./nom_ref_imgs/resize_by_larger_dim/snake_scaled.jpg,snake,72,oxygen mask,0.046772
./nom_ref_imgs/resize_by_larger_dim/snake_scaled.jpg,snake,72,necklace,0.0434372
./nom_ref_imgs/resize_by_larger_dim/snake_scaled.jpg,snake,72,bib,0.0344036
./nom_ref_imgs/resize_by_larger_dim/snake_scaled.jpg,snake,72,sewing machine,0.024981
./nom_ref_imgs/resize_by_larger_dim/snake_scaled.jpg,snake,72,"hook, claw",0.0226924
./nom_ref_imgs/resize_by_larger_dim/snake_scaled.jpg,snake,72,"rule, ruler",0.0225419
./nom_ref_imgs/resize_by_larger_dim/snake_scaled.jpg,snake,72,"iron, smoothing iron",0.0217523
./nom_ref_imgs/resize_by_larger_dim/snake_scaled.jpg,snake,72,analog clock,0.0206337
./nom_ref_imgs/resize_by_larger_dim/snake_scaled.jpg,snake,72,hair slide,0.0199394
./nom_ref_imgs/resize_by_larger_dim/polarBear_scaled.jpg,polarbear,21,"ice bear, polar bear, Ursus Maritimus, Thalarctos maritimus",0.938843
./nom_ref_imgs/resize_by_larger_dim/polarBear_scaled.jpg,polarbear,21,Great Pyrenees,0.0226761
./nom_ref_imgs/resize_by_larger_dim/polarBear_scaled.jpg,polarbear,21,kuvasz,0.0190252
./nom_ref_imgs/resize_by_larger_dim/polarBear_scaled.jpg,polarbear,21,"Arctic fox, white fox, Alopex lagopus",0.00677468
./nom_ref_imgs/resize_by_larger_dim/polarBear_scaled.jpg,polarbear,21,"white wolf, Arctic wolf, Canis lupus tundrarum",0.00436068
./nom_ref_imgs/resize_by_larger_dim/polarBear_scaled.jpg,polarbear,21,"Samoyed, Samoyede",0.00216584
./nom_ref_imgs/resize_by_larger_dim/polarBear_scaled.jpg,polarbear,21,golden retriever,0.00206578
./nom_ref_imgs/resize_by_larger_dim/polarBear_scaled.jpg,polarbear,21,badger,0.00103731
./nom_ref_imgs/resize_by_larger_dim/polarBear_scaled.jpg,polarbear,21,Labrador retriever,0.000426373
./nom_ref_imgs/resize_by_larger_dim/polarBear_scaled.jpg,polarbear,21,"brown bear, bruin, Ursus arctos",0.000339447
./nom_ref_imgs/resize_by_larger_dim/dressShirt_scaled.jpg,dressshirt,1,sweatshirt,0.27853
./nom_ref_imgs/resize_by_larger_dim/dressShirt_scaled.jpg,dressshirt,1,"suit, suit of clothes",0.138368
./nom_ref_imgs/resize_by_larger_dim/dressShirt_scaled.jpg,dressshirt,1,trench coat,0.105854
./nom_ref_imgs/resize_by_larger_dim/dressShirt_scaled.jpg,dressshirt,1,fur coat,0.0853937
./nom_ref_imgs/resize_by_larger_dim/dressShirt_scaled.jpg,dressshirt,1,poncho,0.0631659
./nom_ref_imgs/resize_by_larger_dim/dressShirt_scaled.jpg,dressshirt,1,velvet,0.0514814
./nom_ref_imgs/resize_by_larger_dim/dressShirt_scaled.jpg,dressshirt,1,cloak,0.0485339
./nom_ref_imgs/resize_by_larger_dim/dressShirt_scaled.jpg,dressshirt,1,"wool, woolen, woollen",0.0256749
./nom_ref_imgs/resize_by_larger_dim/dressShirt_scaled.jpg,dressshirt,1,"lab coat, laboratory coat",0.0231185
./nom_ref_imgs/resize_by_larger_dim/dressShirt_scaled.jpg,dressshirt,1,"pajama, pyjama, pj's, jammies",0.0200632
./nom_ref_imgs/resize_by_larger_dim/train_scaled.jpg,train,41,"trailer truck, tractor trailer, trucking rig, rig, articulated lorry, semi",0.156209
./nom_ref_imgs/resize_by_larger_dim/train_scaled.jpg,train,41,"harmonica, mouth organ, harp, mouth harp",0.0830398
./nom_ref_imgs/resize_by_larger_dim/train_scaled.jpg,train,41,"passenger car, coach, carriage",0.0571211
./nom_ref_imgs/resize_by_larger_dim/train_scaled.jpg,train,41,"limousine, limo",0.0303775
./nom_ref_imgs/resize_by_larger_dim/train_scaled.jpg,train,41,stretcher,0.0301773
./nom_ref_imgs/resize_by_larger_dim/train_scaled.jpg,train,41,modem,0.0291955
./nom_ref_imgs/resize_by_larger_dim/train_scaled.jpg,train,41,"chain saw, chainsaw",0.0270174
./nom_ref_imgs/resize_by_larger_dim/train_scaled.jpg,train,41,electric locomotive,0.0269828
./nom_ref_imgs/resize_by_larger_dim/train_scaled.jpg,train,41,moving van,0.0252736
./nom_ref_imgs/resize_by_larger_dim/train_scaled.jpg,train,41,"rubber eraser, rubber, pencil eraser",0.0179979
./nom_ref_imgs/resize_by_larger_dim/mnMs_scaled.jpg,mnms,16,croquet ball,0.757399
./nom_ref_imgs/resize_by_larger_dim/mnMs_scaled.jpg,mnms,16,maraca,0.0667151
./nom_ref_imgs/resize_by_larger_dim/mnMs_scaled.jpg,mnms,16,abacus,0.0448475
./nom_ref_imgs/resize_by_larger_dim/mnMs_scaled.jpg,mnms,16,ping-pong ball,0.0266952
./nom_ref_imgs/resize_by_larger_dim/mnMs_scaled.jpg,mnms,16,"rubber eraser, rubber, pencil eraser",0.0229523
./nom_ref_imgs/resize_by_larger_dim/mnMs_scaled.jpg,mnms,16,hair slide,0.0147982
./nom_ref_imgs/resize_by_larger_dim/mnMs_scaled.jpg,mnms,16,golf ball,0.012653
./nom_ref_imgs/resize_by_larger_dim/mnMs_scaled.jpg,mnms,16,pill bottle,0.00830915
./nom_ref_imgs/resize_by_larger_dim/mnMs_scaled.jpg,mnms,16,hourglass,0.00591606
./nom_ref_imgs/resize_by_larger_dim/mnMs_scaled.jpg,mnms,16,balloon,0.00475493
./nom_ref_imgs/resize_by_larger_dim/convertible_scaled.jpg,convertible,12,convertible,0.493827
./nom_ref_imgs/resize_by_larger_dim/convertible_scaled.jpg,convertible,12,"beach wagon, station wagon, wagon, estate car, beach waggon, station waggon, waggon",0.164795
./nom_ref_imgs/resize_by_larger_dim/convertible_scaled.jpg,convertible,12,"sports car, sport car",0.13853
./nom_ref_imgs/resize_by_larger_dim/convertible_scaled.jpg,convertible,12,car wheel,0.0347004
./nom_ref_imgs/resize_by_larger_dim/convertible_scaled.jpg,convertible,12,"grille, radiator grille",0.0156435
./nom_ref_imgs/resize_by_larger_dim/convertible_scaled.jpg,convertible,12,"racer, race car, racing car",0.0107876
./nom_ref_imgs/resize_by_larger_dim/convertible_scaled.jpg,convertible,12,"limousine, limo",0.00788361
./nom_ref_imgs/resize_by_larger_dim/convertible_scaled.jpg,convertible,12,stethoscope,0.00756066
./nom_ref_imgs/resize_by_larger_dim/convertible_scaled.jpg,convertible,12,"letter opener, paper knife, paperknife",0.00693161
./nom_ref_imgs/resize_by_larger_dim/convertible_scaled.jpg,convertible,12,"pickup, pickup truck",0.00607589
./nom_ref_imgs/resize_by_larger_dim/suv_scaled.jpg,suv,0,minivan,0.238022
./nom_ref_imgs/resize_by_larger_dim/suv_scaled.jpg,suv,0,"beach wagon, station wagon, wagon, estate car, beach waggon, station waggon, waggon",0.236116
./nom_ref_imgs/resize_by_larger_dim/suv_scaled.jpg,suv,0,"pickup, pickup truck",0.124873
./nom_ref_imgs/resize_by_larger_dim/suv_scaled.jpg,suv,0,car wheel,0.0941379
./nom_ref_imgs/resize_by_larger_dim/suv_scaled.jpg,suv,0,convertible,0.075078
./nom_ref_imgs/resize_by_larger_dim/suv_scaled.jpg,suv,0,"grille, radiator grille",0.0347706
./nom_ref_imgs/resize_by_larger_dim/suv_scaled.jpg,suv,0,"cab, hack, taxi, taxicab",0.0324245
./nom_ref_imgs/resize_by_larger_dim/suv_scaled.jpg,suv,0,minibus,0.0263235
./nom_ref_imgs/resize_by_larger_dim/suv_scaled.jpg,suv,0,"jeep, landrover",0.0251065
./nom_ref_imgs/resize_by_larger_dim/suv_scaled.jpg,suv,0,"sports car, sport car",0.0186515
./nom_ref_imgs/resize_by_larger_dim/cookies_scaled.jpg,cookies,61,"ocarina, sweet potato",0.27599
./nom_ref_imgs/resize_by_larger_dim/cookies_scaled.jpg,cookies,61,shower cap,0.144887
./nom_ref_imgs/resize_by_larger_dim/cookies_scaled.jpg,cookies,61,"electric ray, crampfish, numbfish, torpedo",0.0918873
./nom_ref_imgs/resize_by_larger_dim/cookies_scaled.jpg,cookies,61,hair slide,0.0756645
./nom_ref_imgs/resize_by_larger_dim/cookies_scaled.jpg,cookies,61,sandal,0.0653863
./nom_ref_imgs/resize_by_larger_dim/cookies_scaled.jpg,cookies,61,"clog, geta, patten, sabot",0.0526024
./nom_ref_imgs/resize_by_larger_dim/cookies_scaled.jpg,cookies,61,bib,0.0211573
./nom_ref_imgs/resize_by_larger_dim/cookies_scaled.jpg,cookies,61,"diaper, nappy, napkin",0.0161709
./nom_ref_imgs/resize_by_larger_dim/cookies_scaled.jpg,cookies,61,Band Aid,0.0143352
./nom_ref_imgs/resize_by_larger_dim/cookies_scaled.jpg,cookies,61,sleeping bag,0.0139683
./nom_ref_imgs/resize_by_larger_dim/husky_scaled.jpg,husky,4,"Eskimo dog, husky",0.536923
./nom_ref_imgs/resize_by_larger_dim/husky_scaled.jpg,husky,4,Siberian husky,0.4472
./nom_ref_imgs/resize_by_larger_dim/husky_scaled.jpg,husky,4,"Norwegian elkhound, elkhound",0.0100372
./nom_ref_imgs/resize_by_larger_dim/husky_scaled.jpg,husky,4,"malamute, malemute, Alaskan malamute",0.00380129
./nom_ref_imgs/resize_by_larger_dim/husky_scaled.jpg,husky,4,"German shepherd, German shepherd dog, German police dog, alsatian",0.000542269
./nom_ref_imgs/resize_by_larger_dim/husky_scaled.jpg,husky,4,kelpie,0.000181711
./nom_ref_imgs/resize_by_larger_dim/husky_scaled.jpg,husky,4,basenji,0.000180273
./nom_ref_imgs/resize_by_larger_dim/husky_scaled.jpg,husky,4,"dingo, warrigal, warragal, Canis dingo",0.000158676
./nom_ref_imgs/resize_by_larger_dim/husky_scaled.jpg,husky,4,standard schnauzer,0.000138655
./nom_ref_imgs/resize_by_larger_dim/husky_scaled.jpg,husky,4,"timber wolf, grey wolf, gray wolf, Canis lupus",0.000136511
./nom_ref_imgs/resize_by_larger_dim/candyCorn_scaled.jpg,candycorn,58,hair slide,0.597019
./nom_ref_imgs/resize_by_larger_dim/candyCorn_scaled.jpg,candycorn,58,"rubber eraser, rubber, pencil eraser",0.14913
./nom_ref_imgs/resize_by_larger_dim/candyCorn_scaled.jpg,candycorn,58,matchstick,0.0266926
./nom_ref_imgs/resize_by_larger_dim/candyCorn_scaled.jpg,candycorn,58,"coil, spiral, volute, whorl, helix",0.0234242
./nom_ref_imgs/resize_by_larger_dim/candyCorn_scaled.jpg,candycorn,58,safety pin,0.0222524
./nom_ref_imgs/resize_by_larger_dim/candyCorn_scaled.jpg,candycorn,58,necklace,0.0155426
./nom_ref_imgs/resize_by_larger_dim/candyCorn_scaled.jpg,candycorn,58,knot,0.0140728
./nom_ref_imgs/resize_by_larger_dim/candyCorn_scaled.jpg,candycorn,58,"dishrag, dishcloth",0.0124959
./nom_ref_imgs/resize_by_larger_dim/candyCorn_scaled.jpg,candycorn,58,screw,0.0108451
./nom_ref_imgs/resize_by_larger_dim/candyCorn_scaled.jpg,candycorn,58,whistle,0.00976573
./nom_ref_imgs/resize_by_larger_dim/bookcase_scaled.jpg,bookcase,57,bookcase,0.530702
./nom_ref_imgs/resize_by_larger_dim/bookcase_scaled.jpg,bookcase,57,turnstile,0.115259
./nom_ref_imgs/resize_by_larger_dim/bookcase_scaled.jpg,bookcase,57,"medicine chest, medicine cabinet",0.0502699
./nom_ref_imgs/resize_by_larger_dim/bookcase_scaled.jpg,bookcase,57,library,0.049897
./nom_ref_imgs/resize_by_larger_dim/bookcase_scaled.jpg,bookcase,57,vending machine,0.0266125
./nom_ref_imgs/resize_by_larger_dim/bookcase_scaled.jpg,bookcase,57,abacus,0.024242
./nom_ref_imgs/resize_by_larger_dim/bookcase_scaled.jpg,bookcase,57,sliding door,0.0242411
./nom_ref_imgs/resize_by_larger_dim/bookcase_scaled.jpg,bookcase,57,"china cabinet, china closet",0.0202287
./nom_ref_imgs/resize_by_larger_dim/bookcase_scaled.jpg,bookcase,57,shoji,0.0189964
./nom_ref_imgs/resize_by_larger_dim/bookcase_scaled.jpg,bookcase,57,"prison, prison house",0.0185913
